uniprotID A,uniprotID B,X-link type,Peptide A,Residue 1,Peptide B,Residue 2,Peptide A-Pos,Peptide B-Pos,Absolute Peptide A-Pos,Absolute Peptide B-Pos,Distance
P48962,Q99LC5,Inter,LLLQVQHASKQISAEK,K10,GLKSGENFK,K3,33,223,43,226,49.02252654647657
Q02566,P58771,Inter,SAYLMGLNSADLLKGLCHPR,K14,LKGTEDELDK,K2,384,49,398,51,178.86082205167233
P48962,Q9DB20,Inter,LLLQVQHASKQISAEK,K10,KLDQVEK,K1,33,53,43,54,34.32677086473472
Q8BMS1,Q9DCX2,Inter,YESAYGTQFTPCQLLLDHANNSSKK,K24,YTALVDQEEKEDVK,K10,735,85,759,95,37.23383302857765
P54071,Q03265,Inter,DLAGCIHGLSNVKLNEHFLNTTDFLDTIK,K13,SDGKISEQSDAK,K4,413,527,426,531,35.53904170064241
P08249,P05202,Inter,IQEAGTEVVKAK,K10,FFKFSR,K3,229,147,239,150,20.9962909819806
Q9DCX2,Q8BMS1,Inter,IQEYEKQLEK,K6,MFEKLEK,M1,111,125,117,126,13.58562129606151
P48962,Q03265,Inter,LLLQVQHASKQISAEK,K10,GPIGSKTR,K6,33,161,43,167,44.301962191307055
Q99LC5,Q03265,Inter,LTKSDRPELTGAK,K3,ISEQSDAKLK,K8,203,531,206,539,45.39313940453998
P05202,Q03265,Inter,ISVAGVTSGNVGYLAHAIHQVTK,K23,SDGKISEQSDAK,K4,407,527,430,531,60.053389346480685
Q99JY0,Q9DCX2,Inter,KAQDEGHLSDIVPFK,K1,IQEYEKQLEK,K6,254,111,255,117,43.85661248888245
P50752,P58771,Inter,KALSNMMHFGGYIQK,K1,TVTNNLKSLEAQAEK,K7,188,198,189,205,114.75091766081873
P48962,Q8BMS1,Inter,LAADVGKGSSQR,K7,KVSAK,K1,140,254,147,255,29.204276210856516
Q99KI0,Q03265,Inter,AKVAMSHFEPSEYIR,M5,SDGKISEQSDAK,K4,29,527,34,531,45.06416383336098
P54071,Q03265,Inter,DIFQEIFDKHYK,K9,ISEQSDAKLK,K8,263,531,272,539,53.4421139832623
P08249,P54071,Inter,ANVKGYLGPEQLPDCLK,K4,DIFQEIFDKHYK,K9,74,263,78,272,35.54501273033954
Q62425,Q6P8J7,Inter,FYSVNVDYSKLK,K10,FSKILENLR,K3,64,341,74,344,49.733135372707
P48962,Q8BMS1,Inter,LLLQVQHASKQISAEK,K10,MFEKLEK,K4,33,125,43,129,14.572143081921752
P50752,P58771,Inter,KALSNMMHFGGYIQK,K1,SLEAQAEKYSQK,K8,188,205,189,213,126.58761123032538
P48962,P54071,Inter,LLLQVQHASKQISAEK,K10,TDFDKNK,K5,33,275,43,280,36.817627490103156
Q8K2B3,P08249,Inter,ACALSIAESCRPGDKVPSIK,K15,IQEAGTEVVKAK,K10,465,229,480,239,34.52557418783937
Q99KI0,P56480,Inter,AKVAMSHFEPSEYIR,K2,GQKVLDSGAPIK,K3,29,121,31,124,39.530846967905966
P05202,Q03265,Inter,DAEEAKRVESQLK,K6,ISEQSDAKLK,K8,296,531,302,539,13.796393514248571
P05202,P48962,Inter,DAEEAKRVESQLK,K6,LAADVGKGSSQR,K7,296,140,302,147,13.19132404271838
Q03265,P08249,Inter,AMKQVAGTMK,M2; M9,KPGMTR,M4,424,104,426,108,31.194609486255796
Q03265,P54071,Inter,SDGKISEQSDAK,K4,MWKSPNGTIR,K3,527,130,531,133,41.84084705165515
P05202,Q03265,Inter,DAEEAKRVESQLK,K6,SDGKISEQSDAK,K4,296,527,302,531,14.61657654856294
Q9Z2I9,Q9WUM5,Inter,LITKQTGEK,K4,GGAKEK,K4,139,308,143,312,29.318872659091106
Q8K2B3,P05202,Inter,AFGGQSLKFGK,K8,FFKFSR,K3,171,147,179,150,54.60640163021182
P56480,O35143,Inter,ADKLAEEHGS,K3,LQKQIER,K3,519,87,522,90,17.034909685701297
Q99KI0,P05202,Inter,AKVAMSHFEPSEYIR,K2,KAEAQIAAK,K1,29,81,31,82,48.617180358387714
Q8K2B3,Q03265,Inter,VRVDEYDYSKPIQGQQK,K10,SDGKISEQSDAK,K4,598,527,608,531,48.43719675001847
P48962,P58771,Inter,VKLLLQVQHASK,K2,LKEAETR,K2,31,231,33,233,134.86365733584418
Q62425,P48962,Inter,FYSVNVDYSKLK,K10,YKQIFLGGVDR,K2,64,94,74,96,33.10379473715967
Q02566,P58771,Inter,QKQREEQAEPDGTEDADK,K2,LKGTEDELDK,K2,366,49,368,51,190.68317239337088
Q99KI0,Q03265,Inter,SAAVAKQALAHGLK,K6,SDGKISEQSDAK,K4,395,527,401,531,56.69445211835105
Q9DCX2,Q03265,Inter,AIGNALKSWNETFHAR,K7,ISEQSDAKLK,K8,25,531,32,539,49.55780488480094
P58771,P50752,Inter,SIDDLEDELYAQKLK,K13,KKEEEELISLK,K2,251,126,264,128,122.65873058612665
P08249,Q03265,Inter,GLEKNLGIGK,K4,GPIGSKTR,K6,297,161,301,167,21.545841454907258
Q9D2G2,O08749,Inter,AKPAETPAPAHK,K2,LNTKVTGATK,K4,153,273,155,277,26.25783962933737
Q8QZT1,Q03265,Inter,GKPDVVVKEDEEYK,K8,SDGKISEQSDAK,K4,240,527,248,531,25.746658093818702
Q99KI0,P50544,Inter,SAAVAKQALAHGLK,K6,TPIKDAATGAVK,K4,395,265,401,269,20.528021555912296
Q03265,Q9DCX2,Inter,SDGKISEQSDAK,K4,KYNALK,K1,527,72,531,73,72.16653890827799
Q8K2B3,Q03265,Inter,ISQLYGDLKHLK,K9,GYLDKLEPSK,K5,538,493,547,498,26.681958211495648
Q99JY0,Q99KI0,Inter,DQLLLGPTYATPKVLEK,K13,AKVAMSHFEPSEYIR,K2,349,29,362,31,22.901689370000636
Q03265,Q9DB20,Inter,GPIGSKTR,K6,IQKLSK,K3,161,201,167,204,60.52843178209724
P19783,Q99KI0,Inter,DYPLPDVAHVTMLSASQKALK,K18,SAAVAKQALAHGLK,K6,42,395,60,401,76.50054139024115
Q9WUM5,Q9Z2I9,Inter,MGHAGAIIAGGKGGAK,K12,LITKQTGEK,K4,296,139,308,143,31.37359839100386
P48962,Q03265,Inter,LAADVGKGSSQR,K7,GPIGSKTR,K6,140,161,147,167,43.86027470274212
Q99KI0,P05202,Inter,SAAVAKQALAHGLK,K6,TQLVSNLKK,K8,395,355,401,363,9.717040547409484
P08249,P56480,Inter,GLEKNLGIGK,K4,GPIKTK,K4,297,155,301,159,40.79960933636497
P56480,Q03265,Inter,EGNDLYHEMIESGVINLKDATSK,K18,VVDALGNAIDGKGPIGSK,K12,241,149,259,161,36.259203135204174
P48962,Q8BMS1,Inter,LAADVGKGSSQR,K7,QMVSKGFLGR,K5,140,620,147,625,53.01218910778917
Q03265,P08249,Inter,GPIGSKTR,K6,KPGMTR,K1,161,104,167,105,43.8743771921608
Q03265,P08249,Inter,SDGKISEQSDAK,K4,KPGMTR,K1,527,104,531,105,38.85302908397233
P47934,Q9DB77,Inter,IWNSSLQSNKEPVGILTSNHR,K10,GASSFKITR,K6,235,92,245,98,59.33624105047437
Q03265,Q9DB20,Inter,LIKEGDVVK,K3,LSKAMR,M5,123,204,126,209,77.99891867199186
P47934,P08249,Inter,DKVNRESVNSIQK,K2,NLGIGKITPFEEK,K6,268,301,270,307,62.433463350994714
Q03265,O35143,Inter,GYLDKLEPSK,K5,LQKQIER,K3,493,87,498,90,13.858464164545797
Q9WUM5,Q03265,Inter,GGQKHLGLPVFNTVK,K4,SDGKISEQSDAK,K4,90,527,94,531,54.64538327251443
P54071,P48962,Inter,DIFQEIFDKHYK,K9,LAADVGKGSSQR,K7,263,140,272,147,50.430336613986626
Q99KI0,Q9WUM5,Inter,AKDINQEVYNFLATAGAK,K2,GGQKHLGLPVFNTVK,K4,142,90,144,94,42.81659816005938
P56480,Q9DCX2,Inter,GQKVLDSGAPIK,K3,KYNALK,K1,121,72,124,73,18.12351513917761
Q9DB77,Q03265,Inter,IGLFVKAGSR,K6,GPIGSKTR,K6,60,161,66,167,36.92057880098848
Q99KI0,P50544,Inter,AKVAMSHFEPSEYIR,K2,TPIKDAATGAVK,K4,29,265,31,269,58.18544760504984
Q99KI0,P54071,Inter,AKVAMSHFEPSEYIR,K2,LVFTPKDGSSAK,K6,29,193,31,199,53.37359846403463
Q99LC5,Q9DB20,Inter,GLKSGENFK,K3,KLDQVEK,K1,223,53,226,54,16.019344649516718
Q99KI0,O08749,Inter,SAAVAKQALAHGLK,K6,AKTNADTDGMVK,K2,395,428,401,430,19.515686767316183
Q8BMS1,Q03265,Inter,YESAYGTQFTPCQLLLDHANNSSKK,K24,SDGKISEQSDAK,K4,735,527,759,531,47.38100780903673
Q8BMS1,Q03265,Inter,YESAYGTQFTPCQLLLDHANNSSKK,K24,ISEQSDAKLK,K8,735,531,759,539,54.34510551098415
Q9CR68,Q6P8J7,Inter,LSDIPEGKNMAFK,K8,VMKHPTDLDASK,K3,155,137,163,140,43.224637442088515
Q99KI0,P05202,Inter,SAAVAKQALAHGLK,K6,AEAQIAAKNLDK,K8,395,82,401,90,52.8012308379265
Q99KI0,P54071,Inter,SAAVAKQALAHGLK,K6,TDFDKNK,K5,395,275,401,280,39.52282284958907
P08249,P47934,Inter,GLEKNLGIGK,K4,KPELVR,K1,297,363,301,364,27.355213652976648
Q99KI0,P54071,Inter,SAAVAKQALAHGLK,K6,LVFTPKDGSSAK,K6,395,193,401,199,10.558605731818952
P05202,P08249,Inter,DVFLPKPSWGNHTPIFR,K6,NLGIGKITPFEEK,K6,153,301,159,307,35.17540879648735
Q99LC5,P50544,Inter,LTKSDRPELTGAK,K3,TPIKDAATGAVK,K4,203,265,206,269,32.14307385736466
Q99KI0,P05202,Inter,AKVAMSHFEPSEYIR,K2,AEAQIAAKNLDK,K8,29,82,31,90,51.66014570246584
P56480,P08249,Inter,IMNVIGEPIDERGPIKTK,M2,IQEAGTEVVKAK,K10,143,229,145,239,24.858982702435753
Q99KI0,Q9DCX2,Inter,CTTDHISAAGPWLKFR,K14,IQEYEKQLEK,K6,591,111,605,117,34.294070216292496
Q99KI0,Q03265,Inter,FNPETDFLTGKDGKK,K11,SDGKISEQSDAK,K4,506,527,517,531,62.31071845196458
Q99KI0,Q03265,Inter,AKVAMSHFEPSEYIR,K2,AMKQVAGTMK,K3,29,424,31,427,45.36674687477602
Q99LC5,P56480,Inter,LTKSDRPELTGAK,K3,GQKVLDSGAPIK,K3,203,121,206,124,37.75029814451801
Q9D172,P48962,Inter,GVTEAHVDQKNK,K10,LAADVGKGSSQR,K7,221,140,231,147,6.402987271578791
P54071,P05202,Inter,DIFQEIFDKHYK,K9,TQLVSNLKK,K8,263,355,272,363,29.28112130708112
Q9D172,Q03265,Inter,GVEVTVGHEQEEGGKWPYAGTAEAIK,K15,SDGKISEQSDAK,K4,186,527,201,531,40.30545108294907
P08249,Q99LC5,Inter,GLEKNLGIGK,K4,CDEKVK,K4,297,158,301,162,33.1600802924239
P54071,Q03265,Inter,GKLDGNQDLIR,K2,GPIGSKTR,K6,382,161,384,167,28.36217895366997
Q8BMS1,P54071,Inter,MFEKLEK,K4,TDFDKNK,K5,125,275,129,280,48.558231372240066
P08249,Q8K2B3,Inter,ANVKGYLGPEQLPDCLK,K4,ISQLYGDLKHLK,K9,74,538,78,547,41.61836366317157
P48962,P05202,Inter,LAADVGKGSSQR,K7,KQWLQEVK,K1,140,337,147,338,35.99676720206969
P08249,P54071,Inter,ETECTYFSTPLLLGKK,K15,DIFQEIFDKHYK,K9,281,263,296,272,28.97452215309167
Q8BMS1,P08249,Inter,YESAYGTQFTPCQLLLDHANNSSKK,K24,IQEAGTEVVKAK,K10,735,229,759,239,15.240379818101648
Q99KI0,P56480,Inter,AIITKSFAR,K5,GPIKTK,K4,684,155,689,159,40.61341706874712
P51667,Q02566,Inter,VFDPEGKGSLK,K7,KENPNANK,K1,104,206,111,207,55.89650370103661
P19783,Q8K2B3,Inter,DYPLPDVAHVTMLSASQKALK,M12,YAPVAKDLASR,K6,42,329,54,335,63.40747716949476
Q99KI0,Q03265,Inter,RAKDINQEVYNFLATAGAK,K3,SDGKISEQSDAK,K4,141,527,144,531,35.901563489630924
P56480,Q03265,Inter,GQKVLDSGAPIK,K3,LIKEGDVVK,K3,121,123,124,126,11.312407524483902
P56480,Q9DB20,Inter,GQKVLDSGAPIK,K3,SLNDITKR,K7,121,90,124,97,20.967748758510055
O08749,P53395,Inter,ITGKNQVTATK,K4,YDGVIKR,K6,155,113,159,119,29.123389414695538
P56480,Q03265,Inter,IMNVIGEPIDERGPIKTK,K16,GPIGSKTR,K6,143,161,159,167,36.32866446760739
P58771,P50752,Inter,EDKYEEEIK,K3,KAEDEAR,K1,217,179,220,180,123.43499390772456
Q99LC5,P08249,Inter,LTKSDRPELTGAK,K3,IQEAGTEVVKAK,K10,203,229,206,239,38.54280533381036
P48962,P51881,Inter,LLLQVQHASKQISAEK,K10,LLLQVQHASKQITADK,K10,33,33,43,43,43.83507871556751
Q8K2B3,Q03265,Inter,ACALSIAESCRPGDKVPSIK,K15,GPIGSKTR,K6,465,161,480,167,51.33691959983575
P48962,P08249,Inter,LLLQVQHASKQISAEK,K10,GLEKNLGIGK,K4,33,297,43,301,26.527087853739243
P05202,P63038,Inter,FFKFSR,K3,KGVITVK,K1,147,195,150,196,14.233973724859828
P19783,P08249,Inter,DYPLPDVAHVTMLSASQKALK,K18,GLEKNLGIGK,K4,42,297,60,301,42.02682763426238
O70468,Q02566,Inter,YIFESVGAKR,K9,VKLEEAQR,K2,405,1262,414,1264,98.50892022553084
P05202,P56480,Inter,FFKFSR,K3,GPIKTK,K4,147,155,150,159,35.66281147077443
Q99KI0,Q03265,Inter,GHLDNISNNLLIGAINIENGKANSVR,K21,GPIGSKTR,K6,607,161,628,167,28.772228502498724
Q99LC5,P05202,Inter,LTKSDRPELTGAK,K3,AEAQIAAKNLDK,K8,203,82,206,90,44.70207030999794
Q8BK30,Q91YT0,Inter,TQSVLKEPEPTDTTTYK,K6,LKGALRR,K2,51,52,57,54,62.01046180282808
P19783,Q99KI0,Inter,DYPLPDVAHVTMLSASQKALK,K18,AKVAMSHFEPSEYIR,K2,42,29,60,31,62.337360170286324
Q9CRB9,Q8CAQ8,Inter,QNTQQTLSCSALASQYMHCVNHAKQSMLEK,K24,YSMKTSSAEMPTIPLGSAVEAIR,K4,195,576,219,580,187.10407474451216
Q8K2B3,Q03265,Inter,TGKVTLEYRPVIDK,K3,GYLDKLEPSK,K5,633,493,636,498,34.59571084686655
P54071,Q9DCX2,Inter,DIFQEIFDKHYK,K9,IQEYEKQLEK,K6,263,111,272,117,51.69479823928129
Q02566,P58771,Inter,SAYLMGLNSADLLKGLCHPR,K14,GMKVIESR,K3,384,125,398,128,68.88334630373295
Q03265,P56480,Inter,GMSLNLEPDNVGVVVFGNDKLIK,K20,VLDSGAPIKIPVGPETLGR,K9,103,124,123,133,12.210158311831998
Q9D172,P56480,Inter,GVTEAHVDQKNK,K10,ADKLAEEHGS,K3,221,519,231,522,27.460449632152784
P05202,Q99KI0,Inter,DVFLPKPSWGNHTPIFR,K6,FNPETDFLTGKDGK,K11,153,506,159,517,45.17105600935182
Q8BMS1,Q9DCX2,Inter,YESAYGTQFTPCQLLLDHANNSSKK,K24,EDVKSCAEFVSGSQLR,K4,735,95,759,99,38.598586580339955
Q9D2G2,Q60597,Inter,AKPAETPAPAHK,K2,QKPVLQK,K2,153,532,155,534,26.433376969278825
Q8BMS1,Q99JY0,Inter,DSIFSNLIGQLDYKGFEK,K14,ALAMGYKPKAYLR,K9,422,326,436,335,50.03857465995609
P56480,Q03265,Inter,EGNDLYHEMIESGVINLKDATSK,K18,GPIGSKTR,K6,241,161,259,167,46.32217960113708
Q99KI0,Q03265,Inter,IHPVDKLTIQGLK,K6,SDGKISEQSDAK,K4,717,527,723,531,13.922770916739243
P54071,P56480,Inter,DIFQEIFDKHYK,K9,GQKVLDSGAPIK,K3,263,121,272,124,38.914121524197355
P19783,Q6P8J7,Inter,WDYDKNEWK,K5,FSKILENLR,K3,159,341,164,344,68.86577104048135
Q9WUM5,P97807,Inter,GGQKHLGLPVFNTVK,K4,SKEFAQVIK,K2,90,218,94,220,56.732284741582546
P50752,P58771,Inter,DAEEGPVEDTKPKPSR,K13,KMQMLK,K1,65,6,78,7,282.85814401215316
P05202,P08249,Inter,KQWLQEVK,K1,KPGMTR,K1,337,104,338,105,37.515299678931
Q99JY0,Q8BMS1,Inter,KAQDEGHLSDIVPFK,K1,MFEKLEK,K4,254,125,255,129,40.16616210194845
Q99KI0,P54071,Inter,AKVAMSHFEPSEYIR,K2,VEEFKLK,K5,29,122,31,127,39.04780687823581
Q8BMS1,Q99KI0,Inter,YESAYGTQFTPCQLLLDHANNSSKK,K24,AKDINQEVYNFLATAGAK,K2,735,142,759,144,33.60548303476681
P56480,P54071,Inter,IMNVIGEPIDERGPIKTK,K16,VEKPVVEMDGDEMTR,K3,143,45,159,48,45.55902998308897
Q03265,O35143,Inter,SDGKISEQSDAK,K4,TKEQLAALRK,K2,527,62,531,64,39.86941602281127
P56480,Q8BMS1,Inter,IMNVIGEPIDERGPIKTK,K16,TSKDTTASAVAVGLR,K3,143,516,159,519,36.830569490574
P48962,Q99JY0,Inter,IAKDEGANAFFK,K3,LSLLSKFR,K6,260,196,263,202,62.74960963225189
Q8BMS1,Q99JY0,Inter,ALTSFERDSIFSNLIGQLDYKGFEK,K21,ALAMGYKPK,K7,415,326,436,333,52.598512859205435
P56480,P08249,Inter,IMNVIGEPIDERGPIKTK,K16,ITPFEEKMIAEAIPELK,K7,143,307,159,314,50.66098729791988
Q03265,P05202,Inter,GYLDKLEPSK,K5,KQWLQEVK,K1,493,337,498,338,46.89060628740046
P08249,P05202,Inter,ANVKGYLGPEQLPDCLK,K4,FFKFSR,K3,74,147,78,150,40.54340348318084
P56480,P08249,Inter,IMNVIGEPIDERGPIKTK,K16,ANVKGYLGPEQLPDCLK,K4,143,74,159,78,13.206510137049833
P97807,Q99LC5,Inter,SKEFAQVIK,K2,GLKSGENFK,K3,218,223,220,226,52.409648396073024
P56480,Q99LC5,Inter,IMNVIGEPIDERGPIKTK,K16,VVQDLCKVAGVAK,K7,143,62,159,69,30.163876242949947
Q9CPQ1,Q6P8J7,Inter,KAGIFQSAK,K1,GLKEVER,K3,67,289,68,292,42.594589844251345
P05202,P08249,Inter,ISVAGVTSGNVGYLAHAIHQVTK,K23,ANTFVAELKGLDPAR,K9,407,176,430,185,56.526192300560986
P56480,Q03265,Inter,FLSQPFQVAEVFTGHMGKLVPLK,K18,SDGKISEQSDAK,K4,462,527,480,531,26.48356294005774
P56480,Q9DCX2,Inter,IMNVIGEPIDERGPIKTK,K16,ANVAKPGLVDDFEK,K5,143,58,159,63,39.797391484869955
P56480,P05202,Inter,IMNVIGEPIDERGPIKTK,K16,KQWLQEVK,K1,143,337,159,338,48.04967273561808
Q9DCX2,Q99KI0,Inter,IQEYEKQLEK,K6,KYLSK,K1,111,304,117,305,59.42087822474521
Q03265,Q99KI0,Inter,SDGKISEQSDAK,K4,GKTYLR,K2,527,84,531,86,32.079652398366164
P19783,Q8K2B3,Inter,DYPLPDVAHVTMLSASQKALK,K18,AFGGQSLKFGK,K8,42,171,60,179,66.99465298066704
P51667,Q02566,Inter,GSLKADYVR,K4,KENPNANK,K1,111,206,115,207,50.13931839385135
P56480,Q99KI0,Inter,IMNVIGEPIDERGPIKTK,K16,AKDINQEVYNFLATAGAK,K2,143,142,159,144,44.07046115029885
Q99LC5,P05202,Inter,LGGEVSCLVAGTKCDK,K13,FFKFSR,K3,46,147,59,150,23.929676345492013
Q02566,P50752,Inter,VKVGNEYVTK,K2,VSKTR,K3,404,286,406,289,100.21999964577928
P56480,O35143,Inter,GVQKILQDYK,K4,EAGGAFGKR,K8,422,41,426,49,61.78647639249223
P56480,Q9DB20,Inter,IMNVIGEPIDERGPIKTK,K16,SLNDITKR,K7,143,90,159,97,25.421089787812008
P56480,Q99KI0,Inter,VLDSGAPIKIPVGPETLGR,K9,AKVAMSHFEPSEYIR,K2,124,29,133,31,33.42348292742693
P05202,Q9DCX2,Inter,ISVAGVTSGNVGYLAHAIHQVTK,K23,YNALKIPVPEDK,K5,407,73,430,78,4.21227515720424
Q9DCX2,P05202,Inter,ANVAKPGLVDDFEK,K5,FFKFSR,K3,58,147,63,150,75.23768061948746
P56480,Q9DCX2,Inter,IMNVIGEPIDERGPIKTK,K16,LASLSEKPPAIDWAYYR,K7,143,41,159,48,27.100997195675287
P08249,P47934,Inter,TIIPLISQCTPKVDFPQDQLATLTGR,K12,IWNSSLQSNKEPVGILTSNHR,K10,203,235,215,245,52.93547461768903
Q9DCX2,Q03265,Inter,AIGNALKSWNETFHAR,K7,LEPSKITK,K5,25,498,32,503,42.85570686618061
