uniprotID,X-link type,Peptide A,Residue 1,Peptide B,Residue 2,Peptide A-Pos,Peptide B-Pos,Absolute Peptide A-Pos,Absolute Peptide B-Pos,Distance
P09543,Intra-Protein-XL,KAGQVFLEELGNHK,K1,KSSETLR,K1,203,196,204,197,10.630093978888429
P21796,Intra-Protein-XL,AVPPTYADLGKSAR,K11,DVFTKGYGFGLIK,K5,1,15,12,20,10.906406924372481
Q01650,Intra-Protein-XL,ALAAPAAEEKEEAREK,K10,AGAGPKRR,K6,9,1,19,7,28.503262164180438
P13612,Intra-Protein-XL,NIFYIKNENKLPTGGCYGVPPDLR,K6,RIAPCYQDYVKK,K11,149,178,155,189,11.193449423658464
P13612,Intra-Protein-XL,NIFYIKNENKLPTGGCYGVPPDLR,K6,RIAPCYQDYVKK,K11,149,178,155,189,11.193449423658464
P13612,Intra-Protein-XL,NIFYIKNENKLPTGGCYGVPPDLR,K6,RIAPCYQDYVKK,K11,149,178,155,189,11.193449423658464
P05107,Intra-Protein-XL,IGFGSFVDKTVLPFVNTHPDKLR,K9,CHLEDNLYKR,K9,165,285,174,294,9.543228436959895
P05107,Intra-Protein-XL,IGFGSFVDKTVLPFVNTHPDKLR,K9,CHLEDNLYKR,K9,165,285,174,294,9.543228436959895
Q01518,Intra-Protein-XL,RATKKEPAVLELEGK,K4,INSITVDNCKK,K10,312,366,316,376,17.8418730238728
P05107,Intra-Protein-XL,IGFGSFVDKTVLPFVNTHPDKLR,K21,NPCPNKEKECQPPFAFR,K6,165,188,186,194,9.866298394028023
P05107,Intra-Protein-XL,IGFGSFVDKTVLPFVNTHPDKLR,K9,NPCPNKEKECQPPFAFR,K6,165,188,174,194,21.676373728093907
P05107,Intra-Protein-XL,IGFGSFVDKTVLPFVNTHPDKLR,K9,NPCPNKEKECQPPFAFR,K6,165,188,174,194,21.676373728093907
P05107,Intra-Protein-XL,IGFGSFVDKTVLPFVNTHPDKLR,K9,NPCPNKEKECQPPFAFR,K8,165,188,174,196,22.033378088708957
P05107,Intra-Protein-XL,IGFGSFVDKTVLPFVNTHPDKLR,K9,NPCPNKEKECQPPFAFR,K8,165,188,174,196,22.033378088708957
P45880,Intra-Protein-XL,PMCIPPSYADLGKAAR,K13,DIFNKGFGFGLVK,K5,10,26,23,31,10.98774339889679
P54709,Intra-Protein-XL,IDCVSKNEDIPNVAVYPHNGMIDLK,K6,VMFKITAR,K4,188,270,194,274,10.01494108819418
P54709,Intra-Protein-XL,IDCVSKNEDIPNVAVYPHNGMIDLK,K6,VMFKITAR,K4,188,270,194,274,10.01494108819418
P54709,Intra-Protein-XL,IDCVSKNEDIPNVAVYPHNGMIDLK,K6,VMFKITAR,K4,188,270,194,274,10.01494108819418
P54709,Intra-Protein-XL,IDCVSKNEDIPNVAVYPHNGMIDLK,K6,VMFKITAR,K4,188,270,194,274,10.01494108819418
P08575,Intra-Protein-XL,FQCGNMIFDNKEIKLENLEPEHEYK,K14,FQLHDCTQVEKADTTICLK,K11,341,305,355,316,11.325315050805441
Q01518,Intra-Protein-XL,LGLVFDDVVGIVEIINSKDVK,K18,INSITVDNCKK,K10,377,366,395,376,4.779017786114632
Q01518,Intra-Protein-XL,LGLVFDDVVGIVEIINSKDVK,K18,INSITVDNCKK,K10,377,366,395,376,4.779017786114632
Q01518,Intra-Protein-XL,LGLVFDDVVGIVEIINSKDVK,K18,VPTISINKTDGCHAYLSK,K8,377,404,395,412,8.97030261473937
Q01518,Intra-Protein-XL,LGLVFDDVVGIVEIINSKDVK,K18,VPTISINKTDGCHAYLSK,K8,377,404,395,412,8.97030261473937
Q01518,Intra-Protein-XL,LGLVFDDVVGIVEIINSKDVK,K18,VPTISINKTDGCHAYLSK,K8,377,404,395,412,8.97030261473937
P05023,Intra-Protein-XL,IVEIPFNSTNKYQLSIHKNPNTSEPQHLLVMK,K11,ACVVHGSDLKDMTSEQLDDILK,K10,476,661,487,671,34.906008565861555
P13591,Intra-Protein-XL,TEEERTPNHDGGKHTEPNETTPLTEPEK,K13,GPVEAKPECQETETKPAPAEVK,K15,792,820,805,835,88.75373400595605
P05023,Intra-Protein-XL,IVEIPFNSTNKYQLSIHKNPNTSEPQHLLVMK,K11,IISANGCKVDNSSLTGESEPQTR,K8,476,204,487,212,17.27228022005201
P05023,Intra-Protein-XL,IVEIPFNSTNKYQLSIHKNPNTSEPQHLLVMK,K11,IISANGCKVDNSSLTGESEPQTR,K8,476,204,487,212,17.27228022005201
P05023,Intra-Protein-XL,IVEIPFNSTNKYQLSIHKNPNTSEPQHLLVMK,K11,IISANGCKVDNSSLTGESEPQTR,K8,476,204,487,212,17.27228022005201
P05023,Intra-Protein-XL,IVEIPFNSTNKYQLSIHKNPNTSEPQHLLVMK,K11,IISANGCKVDNSSLTGESEPQTR,K8,476,204,487,212,17.27228022005201
P05023,Intra-Protein-XL,IVEIPFNSTNKYQLSIHKNPNTSEPQHLLVMK,K11,IISANGCKVDNSSLTGESEPQTR,K8,476,204,487,212,17.27228022005201
P05023,Intra-Protein-XL,IVEIPFNSTNKYQLSIHKNPNTSEPQHLLVMK,K11,IISANGCKVDNSSLTGESEPQTR,K8,476,204,487,212,17.27228022005201
P05023,Intra-Protein-XL,IVEIPFNSTNKYQLSIHKNPNTSEPQHLLVMK,K11,IISANGCKVDNSSLTGESEPQTR,K8,476,204,487,212,17.27228022005201
P45880,Intra-Protein-XL,ATHGQTCARPMCIPPSYADLGKAAR,K22,DIFNKGFGFGLVK,K5,1,26,23,31,10.98774339889679
P45880,Intra-Protein-XL,ATHGQTCARPMCIPPSYADLGKAAR,K22,DIFNKGFGFGLVK,K5,1,26,23,31,10.98774339889679
P45880,Intra-Protein-XL,ATHGQTCARPMCIPPSYADLGKAAR,K22,DIFNKGFGFGLVK,K5,1,26,23,31,10.98774339889679
O60449,Intra-Protein-XL,SFKALSICK,K3,KYFWTGLR,K1,615,553,618,554,9.486655100719114
P80723,Intra-Protein-XL,AAEAAAAPAESAAPAAGEEPSKEEGEPK,K22,KTEAPAAPAAQETK,K1,121,149,143,150,21.161053967135
P80723,Intra-Protein-XL,AAEAAAAPAESAAPAAGEEPSKEEGEPK,K22,KTEAPAAPAAQETK,K1,121,149,143,150,21.161053967135
P80723,Intra-Protein-XL,AAEAAAAPAESAAPAAGEEPSKEEGEPK,K22,KTEAPAAPAAQETK,K1,121,149,143,150,21.161053967135
P80723,Intra-Protein-XL,AAEAAAAPAESAAPAAGEEPSKEEGEPK,K22,KTEAPAAPAAQETK,K1,121,149,143,150,21.161053967135
P80723,Intra-Protein-XL,AAEAAAAPAESAAPAAGEEPSKEEGEPK,K22,KTEAPAAPAAQETK,K1,121,149,143,150,21.161053967135
P80723,Intra-Protein-XL,AAEAAAAPAESAAPAAGEEPSKEEGEPK,K22,KTEAPAAPAAQETK,K1,121,149,143,150,21.161053967135
P80723,Intra-Protein-XL,AAEAAAAPAESAAPAAGEEPSKEEGEPK,K22,KTEAPAAPAAQETK,K1,121,149,143,150,21.161053967135
P80723,Intra-Protein-XL,AAEAAAAPAESAAPAAGEEPSKEEGEPK,K22,KTEAPAAPAAQETK,K1,121,149,143,150,21.161053967135
P80723,Intra-Protein-XL,AAEAAAAPAESAAPAAGEEPSKEEGEPK,K22,KTEAPAAPAAQETK,K1,121,149,143,150,21.161053967135
P80723,Intra-Protein-XL,AAEAAAAPAESAAPAAGEEPSKEEGEPK,K22,KTEAPAAPAAQETK,K1,121,149,143,150,21.161053967135
P80723,Intra-Protein-XL,AAEAAAAPAESAAPAAGEEPSKEEGEPK,K22,KTEAPAAPAAQETK,K1,121,149,143,150,21.161053967135
P80723,Intra-Protein-XL,AAEAAAAPAESAAPAAGEEPSKEEGEPK,K22,KTEAPAAPAAQETK,K1,121,149,143,150,21.161053967135
P80723,Intra-Protein-XL,AAEAAAAPAESAAPAAGEEPSKEEGEPK,K22,KTEAPAAPAAQETK,K1,121,149,143,150,21.161053967135
P80723,Intra-Protein-XL,AAEAAAAPAESAAPAAGEEPSKEEGEPK,K22,KTEAPAAPAAQETK,K1,121,149,143,150,21.161053967135
P80723,Intra-Protein-XL,AAEAAAAPAESAAPAAGEEPSKEEGEPK,K22,KTEAPAAPAAQETK,K1,121,149,143,150,21.161053967135
P80723,Intra-Protein-XL,AAEAAAAPAESAAPAAGEEPSKEEGEPK,K22,KTEAPAAPAAQETK,K1,121,149,143,150,21.161053967135
P80723,Intra-Protein-XL,AAEAAAAPAESAAPAAGEEPSKEEGEPK,K22,KTEAPAAPAAQETK,K1,121,149,143,150,21.161053967135
P80723,Intra-Protein-XL,AAEAAAAPAESAAPAAGEEPSKEEGEPK,K22,KTEAPAAPAAQETK,K1,121,149,143,150,21.161053967135
P80723,Intra-Protein-XL,AAEAAAAPAESAAPAAGEEPSKEEGEPK,K22,KTEAPAAPAAQETK,K1,121,149,143,150,21.161053967135
P80723,Intra-Protein-XL,AAEAAAAPAESAAPAAGEEPSKEEGEPK,K22,KTEAPAAPAAQETK,K1,121,149,143,150,21.161053967135
P80723,Intra-Protein-XL,AAEAAAAPAESAAPAAGEEPSKEEGEPK,K22,KTEAPAAPAAQETK,K1,121,149,143,150,21.161053967135
Q969V3,Intra-Protein-XL,AAQLVDKDSTFLSTLEHHLSR,K7,QHHVKADK,K5,464,491,471,496,10.940322572940891
P01889,Intra-Protein-XL,ADPPKTHVTHHPISDHEATLR,K5,KWEAAR,K1,205,169,210,170,51.29196004248619
P80723,Intra-Protein-XL,AEGAATEEEGTPKESEPQAAAEPAEAKEGK,K27,EKPDQDAEGK,K2,25,55,52,57,15.821434005803644
P08575,Intra-Protein-XL,AFGDVVVKINQHK,K8,LNIVNKK,K6,774,796,782,802,12.852380246475745
P08575,Intra-Protein-XL,AFGDVVVKINQHK,K8,LNIVNKK,K6,774,796,782,802,12.852380246475745
P08575,Intra-Protein-XL,AFGDVVVKINQHK,K8,LNIVNKKEK,K6,774,796,782,802,12.852380246475745
P08575,Intra-Protein-XL,AFGDVVVKINQHK,K8,LNIVNKKEK,K6,774,796,782,802,12.852380246475745
Q99808,Intra-Protein-XL,AGKEESGVSVSNSQPTNESHSIK,K3,LEGPGEQETKLDLISKGEEPR,K10,260,239,263,249,20.869926065992658
O75844,Intra-Protein-XL,AKDLYSALIK,K2,LQALKTMK,K5,427,465,429,470,8.583346317142283
O75844,Intra-Protein-XL,AKDLYSALIK,K2,LQALKTMK,K5,427,465,429,470,8.583346317142283
O75844,Intra-Protein-XL,AKDLYSALIK,K2,LQALKTMK,K5,427,465,429,470,8.583346317142283
P27824,Intra-Protein-XL,AKHHAISAK,K2,TYFTDKK,K6,125,227,127,233,20.81996436116066
P27824,Intra-Protein-XL,AKKDDTDDEIAK,K2,AKHHAISAK,K2,87,125,89,127,12.744831619130949
O60313,Intra-Protein-XL,AKNEILDEVISLSQVTPK,K2,NVKEVLEDFAEDGEK,K3,596,908,598,911,8.668618863463776
O60313,Intra-Protein-XL,AKNEILDEVISLSQVTPK,K2,NVKEVLEDFAEDGEK,K3,596,908,598,911,8.668618863463776
P54289,Intra-Protein-XL,AQEIFNKYNKDK,K7,GITDYKK,K6,368,328,375,334,11.214233321988623
P08575,Intra-Protein-XL,ARPGMVSTFEQYQFLYDVIASTYPAQNGQVKK,K31,KRDPPSEPSPLEAEFQR,K1,1206,933,1237,934,26.758824880775315
P08575,Intra-Protein-XL,ARPGMVSTFEQYQFLYDVIASTYPAQNGQVKK,K31,KRDPPSEPSPLEAEFQR,K1,1206,933,1237,934,26.758824880775315
P08575,Intra-Protein-XL,ARPGMVSTFEQYQFLYDVIASTYPAQNGQVKK,K31,KRDPPSEPSPLEAEFQR,K1,1206,933,1237,934,26.758824880775315
P08575,Intra-Protein-XL,ARPGMVSTFEQYQFLYDVIASTYPAQNGQVKK,K31,KRDPPSEPSPLEAEFQR,K1,1206,933,1237,934,26.758824880775315
P08575,Intra-Protein-XL,ARPGMVSTFEQYQFLYDVIASTYPAQNGQVKK,K31,KRDPPSEPSPLEAEFQR,K1,1206,933,1237,934,26.758824880775315
P13612,Intra-Protein-XL,AYIFSIDEKELNILHEMK,K9,YKAFLDK,K2,280,234,289,236,6.732809369052417
P07355,Intra-Protein-XL,AYTNFDAERDALNIETAIKTK,K19,KELASALK,K1,28,80,47,81,13.477247567660095
P07355,Intra-Protein-XL,AYTNFDAERDALNIETAIKTK,K19,KELASALK,K1,28,80,47,81,13.477247567660095
P07355,Intra-Protein-XL,AYTNFDAERDALNIETAIKTK,K19,KELASALK,K1,28,80,47,81,13.477247567660095
P07355,Intra-Protein-XL,AYTNFDAERDALNIETAIKTK,K19,KELASALK,K1,28,80,47,81,13.477247567660095
P05556,Intra-Protein-XL,DDLENVKSLGTDLMNEMR,K7,GEVFNELVGKQR,K10,156,228,163,238,8.52946709941483
P05556,Intra-Protein-XL,DDLENVKSLGTDLMNEMR,K7,GEVFNELVGKQR,K10,156,228,163,238,8.52946709941483
P05556,Intra-Protein-XL,DDLENVKSLGTDLMNEMR,K7,GEVFNELVGKQR,K10,156,228,163,238,8.52946709941483
P11215,Intra-Protein-XL,DHVFQVNNFEALKTIQNQLR,K13,SRQELNTIASKPPR,K11,309,295,322,306,23.760555948883013
P11215,Intra-Protein-XL,DHVFQVNNFEALKTIQNQLR,K13,SRQELNTIASKPPR,K11,309,295,322,306,23.760555948883013
P54289,Intra-Protein-XL,DIEKLLSNR,K4,SKALVR,K2,84,93,88,95,10.387720924245125
P54289,Intra-Protein-XL,DIEKLLSNR,K4,SKALVR,K2,84,93,88,95,10.387720924245125
P54289,Intra-Protein-XL,DIEKLLSNR,K4,SKALVR,K2,84,93,88,95,10.387720924245125
P54289,Intra-Protein-XL,DIEKLLSNR,K4,SKALVR,K2,84,93,88,95,10.387720924245125
P54289,Intra-Protein-XL,DIEKLLSNR,K4,SKALVR,K2,84,93,88,95,10.387720924245125
P54289,Intra-Protein-XL,DIEKLLSNR,K4,SKALVR,K2,84,93,88,95,10.387720924245125
P54289,Intra-Protein-XL,DIEKLLSNR,K4,SKALVR,K2,84,93,88,95,10.387720924245125
P54289,Intra-Protein-XL,DIEKLLSNR,K4,SKALVR,K2,84,93,88,95,10.387720924245125
P54289,Intra-Protein-XL,DIEKLLSNR,K4,SKALVR,K2,84,93,88,95,10.387720924245125
P54289,Intra-Protein-XL,DIEKLLSNR,K4,SKALVR,K2,84,93,88,95,10.387720924245125
P54289,Intra-Protein-XL,DIEKLLSNR,K4,SKALVR,K2,84,93,88,95,10.387720924245125
P54289,Intra-Protein-XL,DIEKLLSNR,K4,SKALVR,K2,84,93,88,95,10.387720924245125
A0FGR8,Intra-Protein-XL,DKGLLGKVLVALASEELAK,K7,MYLLPDKR,K7,883,826,890,833,15.300301042789975
A0FGR8,Intra-Protein-XL,DKGLLGKVLVALASEELAK,K7,MYLLPDKR,K7,883,826,890,833,15.300301042789975
A0FGR8,Intra-Protein-XL,DKGLLGKVLVALASEELAK,K7,MYLLPDKR,K7,883,826,890,833,15.300301042789975
A0FGR8,Intra-Protein-XL,DKGLLGKVLVALASEELAK,K7,MYLLPDKR,K7,883,826,890,833,15.300301042789975
P20701,Intra-Protein-XL,DLFTELQKKIYVIEGTSK,K9,FASKPASEFVK,K4,321,301,330,305,16.00681795360964
P53985,Intra-Protein-XL,DLHDANTDLIGRHPKQEK,K15,AGKSGVKK,K3,224,216,239,219,21.303317394246367
P05023,Intra-Protein-XL,DRDMDELKK,K8,KEVSMDDHK,K1,28,36,36,37,3.8538315998496855
P05023,Intra-Protein-XL,DRDMDELKK,K8,KEVSMDDHK,K1,28,36,36,37,3.8538315998496855
P05023,Intra-Protein-XL,DRDMDELKK,K8,KEVSMDDHK,K1,28,36,36,37,3.8538315998496855
P05023,Intra-Protein-XL,DRDMDELKK,K8,KEVSMDDHK,K1,28,36,36,37,3.8538315998496855
P05023,Intra-Protein-XL,DRDMDELKK,K8,KEVSMDDHK,K1,28,36,36,37,3.8538315998496855
P05023,Intra-Protein-XL,DRDMDELKK,K8,KEVSMDDHK,K1,28,36,36,37,3.8538315998496855
P27824,Intra-Protein-XL,EEEKDKGDEEEEGEEKLEEK,K4,KTDAPQPDVKEEEEEK,K10,531,515,535,525,32.45540216974672
P27824,Intra-Protein-XL,EEEKDKGDEEEEGEEKLEEK,K4,KTDAPQPDVKEEEEEK,K10,531,515,535,525,32.45540216974672
P27824,Intra-Protein-XL,EEEKDKGDEEEEGEEKLEEK,K4,KTDAPQPDVKEEEEEK,K10,531,515,535,525,32.45540216974672
P27824,Intra-Protein-XL,EEEKDKGDEEEEGEEKLEEK,K4,TDAPQPDVKEEEEEK,K9,531,516,535,525,32.45540216974672
P27824,Intra-Protein-XL,EEEKDKGDEEEEGEEKLEEK,K4,TDAPQPDVKEEEEEK,K9,531,516,535,525,32.45540216974672
P27824,Intra-Protein-XL,EEEKDKGDEEEEGEEKLEEK,K4,TDAPQPDVKEEEEEK,K9,531,516,535,525,32.45540216974672
P27824,Intra-Protein-XL,EEEKDKGDEEEEGEEKLEEK,K6,KTDAPQPDVKEEEEEK,K10,531,515,537,525,37.43063286934914
Q01518,Intra-Protein-XL,EIGGDVQKHAEMVHTGLK,K8,EKNRGSK,K2,63,119,71,121,12.655342350169748
P26038,Intra-Protein-XL,EKIEREKEELMER,K2,REMAEKEK,K6,337,329,339,335,6.105655574956714
P26038,Intra-Protein-XL,EKIEREKEELMER,K2,REMAEKEK,K6,337,329,339,335,6.105655574956714
P26038,Intra-Protein-XL,EKIEREKEELMER,K2,REMAEKEK,K6,337,329,339,335,6.105655574956714
P26038,Intra-Protein-XL,EKIEREKEELMER,K2,REMAEKEK,K6,337,329,339,335,6.105655574956714
P26038,Intra-Protein-XL,EKIEREKEELMER,K2,REMAEKEK,K6,337,329,339,335,6.105655574956714
P26038,Intra-Protein-XL,EKIEREKEELMER,K2,REMAEKEK,K6,337,329,339,335,6.105655574956714
P26038,Intra-Protein-XL,EKIEREKEELMER,K2,REMAEKEK,K6,337,329,339,335,6.105655574956714
O00241,Intra-Protein-XL,ELIYNQKEGHFPR,K7,FRKGSPDDVEFK,K3,75,122,82,125,11.096701762235483
O00241,Intra-Protein-XL,ELIYNQKEGHFPR,K7,KGSPDDVEFK,K1,75,124,82,125,11.096701762235483
O00241,Intra-Protein-XL,ELIYNQKEGHFPR,K7,KGSPDDVEFK,K1,75,124,82,125,11.096701762235483
O00241,Intra-Protein-XL,ELIYNQKEGHFPR,K7,KGSPDDVEFK,K1,75,124,82,125,11.096701762235483
O00241,Intra-Protein-XL,ELIYNQKEGHFPR,K7,KGSPDDVEFK,K1,75,124,82,125,11.096701762235483
P08195,Intra-Protein-XL,ELPAQKWWHTGALYR,K6,VKGLVLGPIHK,K2,211,255,217,257,10.691584962015687
P08195,Intra-Protein-XL,ELPAQKWWHTGALYR,K6,VKGLVLGPIHK,K2,211,255,217,257,10.691584962015687
P04843,Intra-Protein-XL,ELVLKSAVEAER,K5,LISGKR,K5,559,587,564,592,11.706644865203693
P04843,Intra-Protein-XL,ELVLKSAVEAER,K5,LISGKR,K5,559,587,564,592,11.706644865203693
P26038,Intra-Protein-XL,ERQEAEEAKEALLQASR,K9,RAQSEAEKLAK,K8,391,380,400,388,18.172013069552857
P53985,Intra-Protein-XL,ESKEEETSIDVAGKPNEVTK,K3,ANEQKK,K5,459,453,462,458,6.225038232814318
P27824,Intra-Protein-XL,ESKLPGDKGLVLMSR,K8,AKHHAISAK,K2,110,125,118,127,22.404420858393102
P80723,Intra-Protein-XL,ETPAATEAPSSTPKAQGPAASAEEPKPVEAPAANSDQTVTVKE,K14,SDGAPASDSKPGSSEAAPSSK,K10,184,163,198,173,63.927197991152404
P80723,Intra-Protein-XL,ETPAATEAPSSTPKAQGPAASAEEPKPVEAPAANSDQTVTVKE,K14,SDGAPASDSKPGSSEAAPSSK,K10,184,163,198,173,63.927197991152404
P80723,Intra-Protein-XL,ETPAATEAPSSTPKAQGPAASAEEPKPVEAPAANSDQTVTVKE,K14,SDGAPASDSKPGSSEAAPSSK,K10,184,163,198,173,63.927197991152404
P80723,Intra-Protein-XL,ETPAATEAPSSTPKAQGPAASAEEPKPVEAPAANSDQTVTVKE,K26,SDGAPASDSKPGSSEAAPSSK,K10,184,163,210,173,85.40571021893092
Q5JPE7,Intra-Protein-XL,FAFFKVLPGDYEILATHPTWALK,K5,NTGTEAKIQSTVTQPGGK,K7,170,152,175,159,14.112939665427609
Q5JPE7,Intra-Protein-XL,FAFFKVLPGDYEILATHPTWALK,K5,NTGTEAKIQSTVTQPGGK,K7,170,152,175,159,14.112939665427609
Q5JPE7,Intra-Protein-XL,FAFFKVLPGDYEILATHPTWALK,K5,NTGTEAKIQSTVTQPGGK,K7,170,152,175,159,14.112939665427609
Q5JPE7,Intra-Protein-XL,FAFFKVLPGDYEILATHPTWALK,K5,NTGTEAKIQSTVTQPGGK,K7,170,152,175,159,14.112939665427609
Q5JPE7,Intra-Protein-XL,FAFFKVLPGDYEILATHPTWALK,K5,NTGTEAKIQSTVTQPGGK,K7,170,152,175,159,14.112939665427609
Q5JPE7,Intra-Protein-XL,FAFFKVLPGDYEILATHPTWALK,K5,NTGTEAKIQSTVTQPGGK,K7,170,152,175,159,14.112939665427609
Q5JPE7,Intra-Protein-XL,FAFFKVLPGDYEILATHPTWALK,K5,NTGTEAKIQSTVTQPGGK,K7,170,152,175,159,14.112939665427609
Q5JPE7,Intra-Protein-XL,FAFFKVLPGDYEILATHPTWALK,K5,NTGTEAKIQSTVTQPGGK,K7,170,152,175,159,14.112939665427609
P20701,Intra-Protein-XL,FASKPASEFVKILDTFEK,K11,DLFTELQKK,K8,301,321,312,329,15.062133978955305
P20701,Intra-Protein-XL,FASKPASEFVKILDTFEK,K11,DLFTELQKK,K8,301,321,312,329,15.062133978955305
P20701,Intra-Protein-XL,FASKPASEFVKILDTFEK,K11,HFQTKESQETLHK,K5,301,288,312,293,12.453351597060127
P20701,Intra-Protein-XL,FASKPASEFVKILDTFEK,K11,HFQTKESQETLHK,K5,301,288,312,293,12.453351597060127
P20701,Intra-Protein-XL,FASKPASEFVKILDTFEK,K11,KIYVIEGTSK,K1,301,329,312,330,13.86944515833276
P20701,Intra-Protein-XL,FASKPASEFVKILDTFEK,K11,KIYVIEGTSK,K1,301,329,312,330,13.86944515833276
P20701,Intra-Protein-XL,FASKPASEFVKILDTFEK,K11,KIYVIEGTSK,K1,301,329,312,330,13.86944515833276
P20701,Intra-Protein-XL,FASKPASEFVKILDTFEK,K11,KIYVIEGTSK,K1,301,329,312,330,13.86944515833276
P20701,Intra-Protein-XL,FASKPASEFVKILDTFEK,K11,KIYVIEGTSK,K1,301,329,312,330,13.86944515833276
P20701,Intra-Protein-XL,FASKPASEFVKILDTFEK,K11,KIYVIEGTSK,K1,301,329,312,330,13.86944515833276
P20701,Intra-Protein-XL,FASKPASEFVKILDTFEK,K11,KIYVIEGTSK,K1,301,329,312,330,13.86944515833276
P20701,Intra-Protein-XL,FASKPASEFVKILDTFEK,K11,KIYVIEGTSK,K1,301,329,312,330,13.86944515833276
P20701,Intra-Protein-XL,FASKPASEFVKILDTFEK,K11,KIYVIEGTSK,K1,301,329,312,330,13.86944515833276
P20701,Intra-Protein-XL,FASKPASEFVKILDTFEK,K11,KIYVIEGTSK,K1,301,329,312,330,13.86944515833276
P20701,Intra-Protein-XL,FASKPASEFVKILDTFEK,K11,KIYVIEGTSK,K1,301,329,312,330,13.86944515833276
P20701,Intra-Protein-XL,FASKPASEFVKILDTFEK,K11,KIYVIEGTSK,K1,301,329,312,330,13.86944515833276
P20701,Intra-Protein-XL,FASKPASEFVKILDTFEK,K11,KIYVIEGTSK,K1,301,329,312,330,13.86944515833276
P20701,Intra-Protein-XL,FASKPASEFVKILDTFEK,K11,KIYVIEGTSK,K1,301,329,312,330,13.86944515833276
P20701,Intra-Protein-XL,FASKPASEFVKILDTFEK,K11,KIYVIEGTSK,K1,301,329,312,330,13.86944515833276
P20701,Intra-Protein-XL,FASKPASEFVKILDTFEK,K11,KIYVIEGTSK,K1,301,329,312,330,13.86944515833276
P20701,Intra-Protein-XL,FASKPASEFVKILDTFEK,K11,KIYVIEGTSK,K1,301,329,312,330,13.86944515833276
P20701,Intra-Protein-XL,FASKPASEFVKILDTFEK,K11,KIYVIEGTSK,K1,301,329,312,330,13.86944515833276
P20701,Intra-Protein-XL,FASKPASEFVKILDTFEK,K11,KIYVIEGTSK,K1,301,329,312,330,13.86944515833276
P20701,Intra-Protein-XL,FASKPASEFVKILDTFEK,K11,KIYVIEGTSK,K1,301,329,312,330,13.86944515833276
P20701,Intra-Protein-XL,FASKPASEFVKILDTFEK,K11,KIYVIEGTSK,K1,301,329,312,330,13.86944515833276
P20701,Intra-Protein-XL,FASKPASEFVKILDTFEK,K11,LKDLFTELQKK,K10,301,319,312,329,15.062133978955305
P20701,Intra-Protein-XL,FASKPASEFVKILDTFEK,K11,LKDLFTELQKK,K10,301,319,312,329,15.062133978955305
P20701,Intra-Protein-XL,FASKPASEFVKILDTFEK,K11,LKDLFTELQKK,K10,301,319,312,329,15.062133978955305
Q8TCJ2,Intra-Protein-XL,FKHLEEAFTSEHWLVR,K2,VKAPDNR,K2,752,771,754,773,8.375720745106058
O95864,Intra-Protein-XL,FLKPLLIGELAPEEPSQDHGK,K3,KVYNITK,K1,84,41,87,42,10.298616023524714
O95864,Intra-Protein-XL,FLKPLLIGELAPEEPSQDHGK,K3,KVYNITK,K1,84,41,87,42,10.298616023524714
Q5JTV8,Intra-Protein-XL,FTNSNTPNSYNHMDPDKLNGLWSR,K17,ATQDSDTVKLEVDQELSNGFK,K9,539,449,556,458,15.145252787589913
Q5JTV8,Intra-Protein-XL,FTNSNTPNSYNHMDPDKLNGLWSR,K17,ATQDSDTVKLEVDQELSNGFK,K9,539,449,556,458,15.145252787589913
Q5JTV8,Intra-Protein-XL,FTNSNTPNSYNHMDPDKLNGLWSR,K17,ATQDSDTVKLEVDQELSNGFK,K9,539,449,556,458,15.145252787589913
Q5JTV8,Intra-Protein-XL,FTNSNTPNSYNHMDPDKLNGLWSR,K17,ATQDSDTVKLEVDQELSNGFK,K9,539,449,556,458,15.145252787589913
Q5JTV8,Intra-Protein-XL,FTNSNTPNSYNHMDPDKLNGLWSR,K17,ATQDSDTVKLEVDQELSNGFK,K9,539,449,556,458,15.145252787589913
P20701,Intra-Protein-XL,GHAVVGAVGAKDWAGGFLDLK,K11,DLFTELQKK,K8,360,321,371,329,13.849919891465078
P20701,Intra-Protein-XL,GHAVVGAVGAKDWAGGFLDLK,K11,DLFTELQKK,K8,360,321,371,329,13.849919891465078
P20701,Intra-Protein-XL,GHAVVGAVGAKDWAGGFLDLK,K11,DLFTELQKK,K8,360,321,371,329,13.849919891465078
P20701,Intra-Protein-XL,GHAVVGAVGAKDWAGGFLDLK,K11,DLFTELQKK,K8,360,321,371,329,13.849919891465078
P20701,Intra-Protein-XL,GHAVVGAVGAKDWAGGFLDLK,K11,FASKPASEFVK,K4,360,301,371,305,20.166262643335774
P20701,Intra-Protein-XL,GHAVVGAVGAKDWAGGFLDLK,K11,FASKPASEFVK,K4,360,301,371,305,20.166262643335774
P20701,Intra-Protein-XL,GHAVVGAVGAKDWAGGFLDLK,K11,FASKPASEFVK,K4,360,301,371,305,20.166262643335774
P20701,Intra-Protein-XL,GHAVVGAVGAKDWAGGFLDLK,K11,FASKPASEFVK,K4,360,301,371,305,20.166262643335774
P20701,Intra-Protein-XL,GHAVVGAVGAKDWAGGFLDLK,K11,KIYVIEGTSK,K1,360,329,371,330,12.871712240413084
P20701,Intra-Protein-XL,GHAVVGAVGAKDWAGGFLDLK,K11,KIYVIEGTSK,K1,360,329,371,330,12.871712240413084
P20701,Intra-Protein-XL,GHAVVGAVGAKDWAGGFLDLK,K11,KIYVIEGTSK,K1,360,329,371,330,12.871712240413084
P20701,Intra-Protein-XL,GHAVVGAVGAKDWAGGFLDLK,K11,KIYVIEGTSK,K1,360,329,371,330,12.871712240413084
P20701,Intra-Protein-XL,GHAVVGAVGAKDWAGGFLDLK,K11,KIYVIEGTSK,K1,360,329,371,330,12.871712240413084
P20701,Intra-Protein-XL,GHAVVGAVGAKDWAGGFLDLK,K11,KIYVIEGTSK,K1,360,329,371,330,12.871712240413084
P20701,Intra-Protein-XL,GHAVVGAVGAKDWAGGFLDLK,K11,KIYVIEGTSK,K1,360,329,371,330,12.871712240413084
P20701,Intra-Protein-XL,GHAVVGAVGAKDWAGGFLDLK,K11,KIYVIEGTSK,K1,360,329,371,330,12.871712240413084
P20701,Intra-Protein-XL,GHAVVGAVGAKDWAGGFLDLK,K11,KIYVIEGTSK,K1,360,329,371,330,12.871712240413084
P20701,Intra-Protein-XL,GHAVVGAVGAKDWAGGFLDLK,K11,KIYVIEGTSK,K1,360,329,371,330,12.871712240413084
P20701,Intra-Protein-XL,GHAVVGAVGAKDWAGGFLDLK,K11,LKDLFTELQKK,K10,360,319,371,329,13.849919891465078
P20701,Intra-Protein-XL,GHAVVGAVGAKDWAGGFLDLK,K11,LKDLFTELQKK,K10,360,319,371,329,13.849919891465078
P20701,Intra-Protein-XL,GHAVVGAVGAKDWAGGFLDLK,K11,LKDLFTELQKK,K10,360,319,371,329,13.849919891465078
P20701,Intra-Protein-XL,GHAVVGAVGAKDWAGGFLDLK,K11,LKDLFTELQKK,K10,360,319,371,329,13.849919891465078
P20701,Intra-Protein-XL,GHAVVGAVGAKDWAGGFLDLK,K11,LKDLFTELQKK,K10,360,319,371,329,13.849919891465078
P20701,Intra-Protein-XL,GHAVVGAVGAKDWAGGFLDLK,K11,LKDLFTELQKK,K10,360,319,371,329,13.849919891465078
P20701,Intra-Protein-XL,GHAVVGAVGAKDWAGGFLDLK,K11,LKDLFTELQKK,K10,360,319,371,329,13.849919891465078
P20701,Intra-Protein-XL,GHAVVGAVGAKDWAGGFLDLK,K11,LKDLFTELQKK,K10,360,319,371,329,13.849919891465078
P20701,Intra-Protein-XL,GHAVVGAVGAKDWAGGFLDLK,K11,LKDLFTELQKK,K10,360,319,371,329,13.849919891465078
P20701,Intra-Protein-XL,GHAVVGAVGAKDWAGGFLDLK,K11,LKDLFTELQKK,K10,360,319,371,329,13.849919891465078
P20701,Intra-Protein-XL,GHAVVGAVGAKDWAGGFLDLK,K11,LKDLFTELQKK,K10,360,319,371,329,13.849919891465078
P20701,Intra-Protein-XL,GHAVVGAVGAKDWAGGFLDLK,K11,LKDLFTELQKK,K10,360,319,371,329,13.849919891465078
P20701,Intra-Protein-XL,GHAVVGAVGAKDWAGGFLDLK,K11,LKDLFTELQKK,K10,360,319,371,329,13.849919891465078
P05556,Intra-Protein-XL,GTAEKLKPEDITQIQPQQLVLR,K5,NVLSLTNKGEVFNELVGK,K8,100,220,105,228,19.250390385651922
P05556,Intra-Protein-XL,GTAEKLKPEDITQIQPQQLVLR,K5,NVLSLTNKGEVFNELVGK,K8,100,220,105,228,19.250390385651922
P05556,Intra-Protein-XL,GTAEKLKPEDITQIQPQQLVLR,K5,NVLSLTNKGEVFNELVGK,K8,100,220,105,228,19.250390385651922
P05556,Intra-Protein-XL,GTAEKLKPEDITQIQPQQLVLR,K5,NVLSLTNKGEVFNELVGK,K8,100,220,105,228,19.250390385651922
P05556,Intra-Protein-XL,GTAEKLKPEDITQIQPQQLVLR,K5,NVLSLTNKGEVFNELVGK,K8,100,220,105,228,19.250390385651922
P05556,Intra-Protein-XL,GTAEKLKPEDITQIQPQQLVLR,K5,NVLSLTNKGEVFNELVGK,K8,100,220,105,228,19.250390385651922
P05556,Intra-Protein-XL,GTAEKLKPEDITQIQPQQLVLR,K5,NVLSLTNKGEVFNELVGK,K8,100,220,105,228,19.250390385651922
P05556,Intra-Protein-XL,GTAEKLKPEDITQIQPQQLVLR,K5,NVLSLTNKGEVFNELVGK,K8,100,220,105,228,19.250390385651922
P05556,Intra-Protein-XL,GTAEKLKPEDITQIQPQQLVLR,K5,NVLSLTNKGEVFNELVGK,K8,100,220,105,228,19.250390385651922
P05556,Intra-Protein-XL,GTAEKLKPEDITQIQPQQLVLR,K7,NVLSLTNKGEVFNELVGK,K8,100,220,107,228,19.090311312286136
Q53GQ0,Intra-Protein-XL,GVFVQSVLPYFVATKLAK,K15,SKDKLDQVSSEIKEK,K4,223,82,238,86,14.614421268048899
Q9H4A6,Intra-Protein-XL,GVLTTEKQNFLLFDMTTHPLTNNNIK,K7,LAKNLVEK,K3,184,176,191,179,14.427127156852817
Q9H4A6,Intra-Protein-XL,GVLTTEKQNFLLFDMTTHPLTNNNIK,K7,LAKNLVEK,K3,184,176,191,179,14.427127156852817
Q9NZ01,Intra-Protein-XL,HYEVEILDAKTR,K10,LDPKGK,K4,2,51,12,55,9.410204779918448
Q9NZ01,Intra-Protein-XL,HYEVEILDAKTR,K10,QSLRLDPKGK,K8,2,47,12,55,9.410204779918448
Q93050,Intra-Protein-XL,IENELKEINTNQEALKR,K6,FVEKEIRK,K4,103,66,109,70,12.383531564137913
P26038,Intra-Protein-XL,IEREKEELMER,K5,REMAEKEKEK,K8,339,329,344,337,10.15802899188617
P26038,Intra-Protein-XL,IEREKEELMER,K5,REMAEKEKEK,K8,339,329,344,337,10.15802899188617
P05107,Intra-Protein-XL,IGFGSFVDKTVLPFVNTHPDKLR,K9,KLGGDLLR,K1,165,147,174,148,28.50726996750127
P05107,Intra-Protein-XL,IGFGSFVDKTVLPFVNTHPDKLR,K9,MVKTYEK,K3,165,325,174,328,24.91143068954491
P05107,Intra-Protein-XL,IGFGSFVDKTVLPFVNTHPDKLR,K9,MVKTYEK,K3,165,325,174,328,24.91143068954491
P05107,Intra-Protein-XL,IGFGSFVDKTVLPFVNTHPDKLR,K9,MVKTYEK,K3,165,325,174,328,24.91143068954491
P11215,Intra-Protein-XL,IHFTFKEFQNNPNPR,K6,SLVKPITQLLGR,K4,197,212,203,216,18.338238465021664
P11215,Intra-Protein-XL,IHFTFKEFQNNPNPR,K6,SLVKPITQLLGR,K4,197,212,203,216,18.338238465021664
P11215,Intra-Protein-XL,IHFTFKEFQNNPNPR,K6,SLVKPITQLLGR,K4,197,212,203,216,18.338238465021664
P11215,Intra-Protein-XL,IHFTFKEFQNNPNPR,K6,SLVKPITQLLGR,K4,197,212,203,216,18.338238465021664
Q9BSJ8,Intra-Protein-XL,IHVLEAQDLIAKDR,K12,FLGGLVKGK,K7,650,664,662,671,8.799152402362395
P20701,Intra-Protein-XL,ILDTFEKLKDLFTELQK,K7,FASKPASEFVK,K4,312,301,319,305,22.763614058404695
P20702,Intra-Protein-XL,ILIVITDGKKEGDSLDYKDVIPMADAAGIIR,K10,NSWKELNDIASKPSQEHIFK,K4,252,295,262,299,11.128252962617271
P20702,Intra-Protein-XL,ILIVITDGKKEGDSLDYKDVIPMADAAGIIR,K9,NSWKELNDIASKPSQEHIFK,K4,252,295,261,299,10.169233648608927
P20702,Intra-Protein-XL,ILIVITDGKKEGDSLDYKDVIPMADAAGIIR,K9,NSWKELNDIASKPSQEHIFK,K4,252,295,261,299,10.169233648608927
Q13586,Intra-Protein-XL,ILTAKQALSEVTAALR,K5,MMKDLEGLHR,K3,408,243,413,246,142.38504573514734
Q13586,Intra-Protein-XL,ILTAKQALSEVTAALR,K5,MMKDLEGLHR,K3,408,243,413,246,142.38504573514734
Q13586,Intra-Protein-XL,ILTAKQALSEVTAALR,K5,MMKDLEGLHR,K3,408,243,413,246,142.38504573514734
Q13586,Intra-Protein-XL,ILTAKQALSEVTAALR,K5,MMKDLEGLHR,K3,408,243,413,246,142.38504573514734
Q13586,Intra-Protein-XL,ILTAKQALSEVTAALR,K5,MMKDLEGLHR,K3,408,243,413,246,142.38504573514734
Q13586,Intra-Protein-XL,ILTAKQALSEVTAALR,K5,MMKDLEGLHR,K3,408,243,413,246,142.38504573514734
P05023,Intra-Protein-XL,IVEIPFNSTNKYQLSIHKNPNTSEPQHLLVMK,K11,EQPLDEELKDAFQNAYLELGGLGER,K9,476,526,487,535,19.71276746172389
P05023,Intra-Protein-XL,IVEIPFNSTNKYQLSIHKNPNTSEPQHLLVMK,K11,EQPLDEELKDAFQNAYLELGGLGER,K9,476,526,487,535,19.71276746172389
P05023,Intra-Protein-XL,IVEIPFNSTNKYQLSIHKNPNTSEPQHLLVMK,K11,EQPLDEELKDAFQNAYLELGGLGER,K9,476,526,487,535,19.71276746172389
P05023,Intra-Protein-XL,IVEIPFNSTNKYQLSIHKNPNTSEPQHLLVMK,K11,EQPLDEELKDAFQNAYLELGGLGER,K9,476,526,487,535,19.71276746172389
P05023,Intra-Protein-XL,IVEIPFNSTNKYQLSIHKNPNTSEPQHLLVMK,K11,EQPLDEELKDAFQNAYLELGGLGER,K9,476,526,487,535,19.71276746172389
P05023,Intra-Protein-XL,IVEIPFNSTNKYQLSIHKNPNTSEPQHLLVMK,K11,EQPLDEELKDAFQNAYLELGGLGER,K9,476,526,487,535,19.71276746172389
P05023,Intra-Protein-XL,IVEIPFNSTNKYQLSIHKNPNTSEPQHLLVMK,K11,EQPLDEELKDAFQNAYLELGGLGER,K9,476,526,487,535,19.71276746172389
P05023,Intra-Protein-XL,IVEIPFNSTNKYQLSIHKNPNTSEPQHLLVMK,K11,EQPLDEELKDAFQNAYLELGGLGER,K9,476,526,487,535,19.71276746172389
P05023,Intra-Protein-XL,IVEIPFNSTNKYQLSIHKNPNTSEPQHLLVMK,K11,EQPLDEELKDAFQNAYLELGGLGER,K9,476,526,487,535,19.71276746172389
P05023,Intra-Protein-XL,IVEIPFNSTNKYQLSIHKNPNTSEPQHLLVMK,K18,EQPLDEELKDAFQNAYLELGGLGER,K9,476,526,494,535,30.38704031326513
P05023,Intra-Protein-XL,IVEIPFNSTNKYQLSIHKNPNTSEPQHLLVMK,K18,EQPLDEELKDAFQNAYLELGGLGER,K9,476,526,494,535,30.38704031326513
O14828,Intra-Protein-XL,KAEELDRR,K1,KQEELNR,K1,108,101,109,102,10.208060589553728
P80723,Intra-Protein-XL,KAEGAATEEEGTPKESEPQAAAEPAEAK,K14,EGKEKPDQDAEGK,K3,24,52,38,55,41.733637152781206
P80723,Intra-Protein-XL,KAEGAATEEEGTPKESEPQAAAEPAEAKEGK,K28,EKPDQDAEGK,K2,24,55,52,57,15.821434005803644
P49327,Intra-Protein-XL,KDHRDNLEFFLAGIGR,K1,EGVFAKEVR,K6,786,667,787,673,17.710143901165797
P53985,Intra-Protein-XL,KDLHDANTDLIGRHPK,K1,AGKSGVK,K3,223,216,224,219,15.481914642575706
P53985,Intra-Protein-XL,KDLHDANTDLIGRHPK,K1,SKASLEK,K2,223,209,224,211,27.46071246344494
P20702,Intra-Protein-XL,KEGDSLDYKDVIPMADAAGIIR,K9,NSWKELNDIASKPSQEHIFK,K12,261,295,270,307,14.378661620609895
P20702,Intra-Protein-XL,KEGDSLDYKDVIPMADAAGIIR,K9,NSWKELNDIASKPSQEHIFK,K4,261,295,270,299,12.264024951050938
P20702,Intra-Protein-XL,KEGDSLDYKDVIPMADAAGIIR,K9,NSWKELNDIASKPSQEHIFK,K4,261,295,270,299,12.264024951050938
P20702,Intra-Protein-XL,KEGDSLDYKDVIPMADAAGIIR,K9,NSWKELNDIASKPSQEHIFK,K4,261,295,270,299,12.264024951050938
P20702,Intra-Protein-XL,KEGDSLDYKDVIPMADAAGIIR,K9,NSWKELNDIASKPSQEHIFK,K4,261,295,270,299,12.264024951050938
P20702,Intra-Protein-XL,KEGDSLDYKDVIPMADAAGIIR,K9,NSWKELNDIASKPSQEHIFK,K4,261,295,270,299,12.264024951050938
P13612,Intra-Protein-XL,KEKDIMK,K1,KTINFAR,K1,606,613,607,614,18.709474685303164
P13612,Intra-Protein-XL,KEKDIMK,K1,KTINFAR,K1,606,613,607,614,18.709474685303164
P13612,Intra-Protein-XL,KEKDIMK,K1,KTINFAR,K1,606,613,607,614,18.709474685303164
P13612,Intra-Protein-XL,KEKDIMK,K1,KTINFAR,K1,606,613,607,614,18.709474685303164
P13612,Intra-Protein-XL,KEKDIMK,K1,KTINFAR,K1,606,613,607,614,18.709474685303164
P26038,Intra-Protein-XL,KESPLLFK,K1,PKTISVR,K2,71,1,72,3,14.613116676465701
P26038,Intra-Protein-XL,KESPLLFK,K1,PKTISVR,K2,71,1,72,3,14.613116676465701
P26038,Intra-Protein-XL,KESPLLFK,K1,PKTISVR,K2,71,1,72,3,14.613116676465701
P26038,Intra-Protein-XL,KESPLLFK,K1,PKTISVR,K2,71,1,72,3,14.613116676465701
P26038,Intra-Protein-XL,KESPLLFK,K1,PKTISVR,K2,71,1,72,3,14.613116676465701
P26038,Intra-Protein-XL,KESPLLFK,K1,PKTISVR,K2,71,1,72,3,14.613116676465701
P26038,Intra-Protein-XL,KESPLLFK,K1,PKTISVR,K2,71,1,72,3,14.613116676465701
P26038,Intra-Protein-XL,KESPLLFK,K1,PKTISVR,K2,71,1,72,3,14.613116676465701
P26038,Intra-Protein-XL,KESPLLFK,K1,PKTISVR,K2,71,1,72,3,14.613116676465701
P26038,Intra-Protein-XL,KESPLLFK,K1,PKTISVR,K2,71,1,72,3,14.613116676465701
P26038,Intra-Protein-XL,KESPLLFK,K1,PKTISVR,K2,71,1,72,3,14.613116676465701
P26038,Intra-Protein-XL,KESPLLFK,K1,PKTISVR,K2,71,1,72,3,14.613116676465701
P26038,Intra-Protein-XL,KESPLLFK,K1,PKTISVR,K2,71,1,72,3,14.613116676465701
P26038,Intra-Protein-XL,KESPLLFK,K1,PKTISVR,K2,71,1,72,3,14.613116676465701
P26038,Intra-Protein-XL,KESPLLFK,K1,PKTISVR,K2,71,1,72,3,14.613116676465701
P26038,Intra-Protein-XL,KESPLLFK,K1,PKTISVR,K2,71,1,72,3,14.613116676465701
P26038,Intra-Protein-XL,KESPLLFK,K1,PKTISVR,K2,71,1,72,3,14.613116676465701
P26038,Intra-Protein-XL,KESPLLFK,K1,PKTISVR,K2,71,1,72,3,14.613116676465701
P26038,Intra-Protein-XL,KESPLLFK,K1,PKTISVR,K2,71,1,72,3,14.613116676465701
P26038,Intra-Protein-XL,KESPLLFK,K1,PKTISVR,K2,71,1,72,3,14.613116676465701
P26038,Intra-Protein-XL,KESPLLFK,K1,PKTISVR,K2,71,1,72,3,14.613116676465701
P26038,Intra-Protein-XL,KESPLLFK,K1,PKTISVR,K2,71,1,72,3,14.613116676465701
P26038,Intra-Protein-XL,KESPLLFK,K1,PKTISVR,K2,71,1,72,3,14.613116676465701
P26038,Intra-Protein-XL,KESPLLFK,K1,PKTISVR,K2,71,1,72,3,14.613116676465701
P26038,Intra-Protein-XL,KESPLLFK,K1,PKTISVR,K2,71,1,72,3,14.613116676465701
P26038,Intra-Protein-XL,KESPLLFK,K1,PKTISVR,K2,71,1,72,3,14.613116676465701
P26038,Intra-Protein-XL,KESPLLFK,K1,PKTISVR,K2,71,1,72,3,14.613116676465701
P26038,Intra-Protein-XL,KESPLLFK,K1,PKTISVR,K2,71,1,72,3,14.613116676465701
P26038,Intra-Protein-XL,KESPLLFK,K1,PKTISVR,K2,71,1,72,3,14.613116676465701
P26038,Intra-Protein-XL,KESPLLFK,K1,PKTISVR,K2,71,1,72,3,14.613116676465701
P26038,Intra-Protein-XL,KESPLLFK,K1,PKTISVR,K2,71,1,72,3,14.613116676465701
P26038,Intra-Protein-XL,KESPLLFK,K1,PKTISVR,K2,71,1,72,3,14.613116676465701
P26038,Intra-Protein-XL,KESPLLFK,K1,PKTISVR,K2,71,1,72,3,14.613116676465701
P26038,Intra-Protein-XL,KESPLLFK,K1,PKTISVR,K2,71,1,72,3,14.613116676465701
P26038,Intra-Protein-XL,KESPLLFK,K1,PKTISVR,K2,71,1,72,3,14.613116676465701
P26038,Intra-Protein-XL,KESPLLFK,K1,PKTISVR,K2,71,1,72,3,14.613116676465701
P26038,Intra-Protein-XL,KESPLLFK,K1,PKTISVR,K2,71,1,72,3,14.613116676465701
P26038,Intra-Protein-XL,KESPLLFK,K1,PKTISVR,K2,71,1,72,3,14.613116676465701
P26038,Intra-Protein-XL,KESPLLFK,K1,PKTISVR,K2,71,1,72,3,14.613116676465701
P26038,Intra-Protein-XL,KESPLLFK,K1,PKTISVR,K2,71,1,72,3,14.613116676465701
P26038,Intra-Protein-XL,KESPLLFK,K1,PKTISVR,K2,71,1,72,3,14.613116676465701
P26038,Intra-Protein-XL,KESPLLFK,K1,PKTISVR,K2,71,1,72,3,14.613116676465701
P26038,Intra-Protein-XL,KESPLLFK,K1,PKTISVR,K2,71,1,72,3,14.613116676465701
P26038,Intra-Protein-XL,KESPLLFK,K1,PKTISVR,K2,71,1,72,3,14.613116676465701
P26038,Intra-Protein-XL,KESPLLFK,K1,PKTISVR,K2,71,1,72,3,14.613116676465701
P26038,Intra-Protein-XL,KESPLLFK,K1,PKTISVR,K2,71,1,72,3,14.613116676465701
P26038,Intra-Protein-XL,KESPLLFK,K1,PKTISVR,K2,71,1,72,3,14.613116676465701
P26038,Intra-Protein-XL,KESPLLFK,K1,PKTISVR,K2,71,1,72,3,14.613116676465701
P26038,Intra-Protein-XL,KESPLLFK,K1,PKTISVR,K2,71,1,72,3,14.613116676465701
P26038,Intra-Protein-XL,KESPLLFK,K1,PKTISVR,K2,71,1,72,3,14.613116676465701
P26038,Intra-Protein-XL,KESPLLFK,K1,PKTISVR,K2,71,1,72,3,14.613116676465701
P26038,Intra-Protein-XL,KESPLLFK,K1,PKTISVR,K2,71,1,72,3,14.613116676465701
P26038,Intra-Protein-XL,KESPLLFK,K1,PKTISVR,K2,71,1,72,3,14.613116676465701
P26038,Intra-Protein-XL,KESPLLFK,K1,PKTISVR,K2,71,1,72,3,14.613116676465701
P26038,Intra-Protein-XL,KESPLLFK,K1,PKTISVR,K2,71,1,72,3,14.613116676465701
P26038,Intra-Protein-XL,KESPLLFK,K1,PKTISVR,K2,71,1,72,3,14.613116676465701
P26038,Intra-Protein-XL,KESPLLFK,K1,PKTISVR,K2,71,1,72,3,14.613116676465701
Q16891,Intra-Protein-XL,KEVAGAKPHITAAEGK,K7,SVIENAKK,K7,314,306,321,313,7.870761271948225
Q9UKM7,Intra-Protein-XL,KFAWGHDELKPVSR,K1,GVIDVFLHAWKGYR,K11,265,251,266,262,6.133689102000526
Q9UKM7,Intra-Protein-XL,KFAWGHDELKPVSR,K1,GVIDVFLHAWKGYR,K11,265,251,266,262,6.133689102000526
Q92508,Intra-Protein-XL,KGAAAIEAEDREEEEGEEEKEAPTGR,K1,KEGPAR,K1,1883,1877,1884,1878,17.636016018364234
Q92508,Intra-Protein-XL,KGAAAIEAEDREEEEGEEEKEAPTGR,K1,KEGPAR,K1,1883,1877,1884,1878,17.636016018364234
Q92508,Intra-Protein-XL,KGAAAIEAEDREEEEGEEEKEAPTGR,K1,KKEGPAR,K1,1883,1876,1884,1877,20.299543566297242
Q92508,Intra-Protein-XL,KGAAAIEAEDREEEEGEEEKEAPTGR,K1,KKEGPAR,K1,1883,1876,1884,1877,20.299543566297242
Q16891,Intra-Protein-XL,KKEVAGAKPHITAAEGK,K1,LAQQEKQEQVK,K6,313,205,314,211,20.83252733107532
Q16891,Intra-Protein-XL,KKEVAGAKPHITAAEGK,K1,LAQQEKQEQVK,K6,313,205,314,211,20.83252733107532
Q16891,Intra-Protein-XL,KKEVAGAKPHITAAEGK,K1,LAQQEKQEQVK,K6,313,205,314,211,20.83252733107532
P08575,Intra-Protein-XL,KNNHQEDKIEFDNEVDKVK,K1,KRDPPSEPSPLEAEFQR,K1,1237,933,1238,934,28.87261333859476
P08575,Intra-Protein-XL,KNNHQEDKIEFDNEVDKVK,K1,KRDPPSEPSPLEAEFQR,K1,1237,933,1238,934,28.87261333859476
P08575,Intra-Protein-XL,KNNHQEDKIEFDNEVDKVK,K1,KRDPPSEPSPLEAEFQR,K1,1237,933,1238,934,28.87261333859476
P08575,Intra-Protein-XL,KNNHQEDKIEFDNEVDKVK,K8,KRDPPSEPSPLEAEFQR,K1,1237,933,1245,934,45.58828828767319
P08575,Intra-Protein-XL,KPFNQNK,K1,FPIKEAR,K4,673,666,674,670,6.628489797834798
P08575,Intra-Protein-XL,KPFNQNK,K1,FPIKEAR,K4,673,666,674,670,6.628489797834798
P08575,Intra-Protein-XL,KPFNQNK,K1,FPIKEAR,K4,673,666,674,670,6.628489797834798
P08575,Intra-Protein-XL,KPFNQNK,K1,FPIKEAR,K4,673,666,674,670,6.628489797834798
P08575,Intra-Protein-XL,KPFNQNK,K1,FPIKEAR,K4,673,666,674,670,6.628489797834798
P08575,Intra-Protein-XL,KPFNQNK,K1,FPIKEAR,K4,673,666,674,670,6.628489797834798
P08575,Intra-Protein-XL,KPFNQNK,K1,FPIKEAR,K4,673,666,674,670,6.628489797834798
P08575,Intra-Protein-XL,KPFNQNK,K1,FPIKEAR,K4,673,666,674,670,6.628489797834798
P08575,Intra-Protein-XL,KPFNQNK,K1,FPIKEAR,K4,673,666,674,670,6.628489797834798
P08575,Intra-Protein-XL,KPFNQNK,K1,FPIKEAR,K4,673,666,674,670,6.628489797834798
P08575,Intra-Protein-XL,KRDPPSEPSPLEAEFQR,K1,KNNHQEDK,K1,933,1237,934,1238,28.87261333859476
P08575,Intra-Protein-XL,KRDPPSEPSPLEAEFQR,K1,KNNHQEDK,K1,933,1237,934,1238,28.87261333859476
P08575,Intra-Protein-XL,KRDPPSEPSPLEAEFQR,K1,KNNHQEDK,K1,933,1237,934,1238,28.87261333859476
P08575,Intra-Protein-XL,KRDPPSEPSPLEAEFQR,K1,KNNHQEDK,K1,933,1237,934,1238,28.87261333859476
P08575,Intra-Protein-XL,KRDPPSEPSPLEAEFQR,K1,KNNHQEDK,K1,933,1237,934,1238,28.87261333859476
P08575,Intra-Protein-XL,KRDPPSEPSPLEAEFQR,K1,KNNHQEDK,K1,933,1237,934,1238,28.87261333859476
P08575,Intra-Protein-XL,KRDPPSEPSPLEAEFQR,K1,KNNHQEDK,K1,933,1237,934,1238,28.87261333859476
P08575,Intra-Protein-XL,KRDPPSEPSPLEAEFQR,K1,KNNHQEDK,K1,933,1237,934,1238,28.87261333859476
P08575,Intra-Protein-XL,KRDPPSEPSPLEAEFQR,K1,KNNHQEDK,K1,933,1237,934,1238,28.87261333859476
P08575,Intra-Protein-XL,KRDPPSEPSPLEAEFQR,K1,KNNHQEDK,K1,933,1237,934,1238,28.87261333859476
P27824,Intra-Protein-XL,KTDAPQPDVKEEEEEKEEEK,K1,DKGDEEEEGEEKLEEK,K2,515,535,516,537,58.031638543125766
P27824,Intra-Protein-XL,KTDAPQPDVKEEEEEKEEEK,K10,DKGDEEEEGEEKLEEK,K2,515,535,525,537,37.43063286934914
P27824,Intra-Protein-XL,KTDAPQPDVKEEEEEKEEEK,K16,DKGDEEEEGEEKLEEK,K2,515,535,531,537,20.480637612144793
P27824,Intra-Protein-XL,KTDAPQPDVKEEEEEKEEEK,K16,DKGDEEEEGEEKLEEK,K2,515,535,531,537,20.480637612144793
P26038,Intra-Protein-XL,KVTAQDVR,K1,PKTISVR,K2,63,1,64,3,15.40482086880597
P26038,Intra-Protein-XL,KVTAQDVR,K1,PKTISVR,K2,63,1,64,3,15.40482086880597
O60488,Intra-Protein-XL,LFDHAVSKFGK,K8,KDSLGTR,K1,81,92,89,93,9.345929274288352
P04843,Intra-Protein-XL,LISGKRQELVTK,K5,ELVLKSAVEAER,K5,587,559,592,564,11.706644865203693
P04843,Intra-Protein-XL,LISGKRQELVTK,K5,ELVLKSAVEAER,K5,587,559,592,564,11.706644865203693
P04843,Intra-Protein-XL,LISGKRQELVTK,K5,ELVLKSAVEAER,K5,587,559,592,564,11.706644865203693
P04843,Intra-Protein-XL,LISGKRQELVTK,K5,ELVLKSAVEAER,K5,587,559,592,564,11.706644865203693
P04843,Intra-Protein-XL,LISGKRQELVTK,K5,ELVLKSAVEAER,K5,587,559,592,564,11.706644865203693
P04843,Intra-Protein-XL,LISGKRQELVTK,K5,ELVLKSAVEAER,K5,587,559,592,564,11.706644865203693
P04843,Intra-Protein-XL,LISGKRQELVTK,K5,ELVLKSAVEAER,K5,587,559,592,564,11.706644865203693
P04843,Intra-Protein-XL,LISGKRQELVTK,K5,ELVLKSAVEAER,K5,587,559,592,564,11.706644865203693
P51572,Intra-Protein-XL,LKDELASTK,K2,ADLQKLK,K5,190,185,192,190,5.452251003026181
P51572,Intra-Protein-XL,LKDELASTK,K2,SLKADLQK,K3,190,182,192,185,10.583940948436926
O94905,Intra-Protein-XL,LKLTPEYLQLMK,K2,YKAIASNSK,K2,273,285,275,287,14.862268366571781
O94905,Intra-Protein-XL,LKLTPEYLQLMK,K2,YKAIASNSK,K2,273,285,275,287,14.862268366571781
O94905,Intra-Protein-XL,LKLTPEYLQLMK,K2,YKAIASNSK,K2,273,285,275,287,14.862268366571781
O95573,Intra-Protein-XL,LKNWEEGGYFNTDKPHPR,K2,KKDLVK,K1,507,579,509,580,11.78648616000545
P05107,Intra-Protein-XL,LKSQWNNDNPLFK,K2,RFEKEK,K4,742,736,744,740,6.543777655146915
P05107,Intra-Protein-XL,LKSQWNNDNPLFK,K2,RFEKEK,K4,742,736,744,740,6.543777655146915
P05107,Intra-Protein-XL,LKSQWNNDNPLFK,K2,RFEKEK,K4,742,736,744,740,6.543777655146915
P05107,Intra-Protein-XL,LKSQWNNDNPLFK,K2,RFEKEK,K4,742,736,744,740,6.543777655146915
P05107,Intra-Protein-XL,LKSQWNNDNPLFK,K2,RFEKEK,K4,742,736,744,740,6.543777655146915
O75477,Intra-Protein-XL,LLIAAQKQK,K7,TKLLIAAQK,K2,194,192,201,194,10.262454920729251
O75477,Intra-Protein-XL,LLIAAQKQK,K7,TKLLIAAQK,K2,194,192,201,194,10.262454920729251
O75477,Intra-Protein-XL,LLIAAQKQK,K7,TKLLIAAQK,K2,194,192,201,194,10.262454920729251
O75477,Intra-Protein-XL,LLIAAQKQK,K7,TKLLIAAQK,K2,194,192,201,194,10.262454920729251
O75477,Intra-Protein-XL,LLIAAQKQK,K7,TKLLIAAQK,K2,194,192,201,194,10.262454920729251
P04843,Intra-Protein-XL,LPVALDPGAKISVIVETVYTHVLHPYPTQITQSEK,K10,LAHLGVQVKGEDEEENNLEVR,K9,116,80,126,89,11.786318890985429
O60313,Intra-Protein-XL,LRELDRNELFEKAK,K12,DDKGIHHR,K3,584,250,596,253,21.11245987562795
O60313,Intra-Protein-XL,LRELDRNELFEKAK,K12,DDKGIHHR,K3,584,250,596,253,21.11245987562795
Q14344,Intra-Protein-XL,LVFRDVKDTILHDNLK,K7,GIHEYDFEIKNVPFK,K10,356,204,363,214,11.590744152124145
Q14344,Intra-Protein-XL,LVFRDVKDTILHDNLK,K7,GIHEYDFEIKNVPFK,K10,356,204,363,214,11.590744152124145
Q96AG4,Intra-Protein-XL,LVNLQHLDLLNNKLVTLPVSFAQLK,K13,NKLQQLPADFGR,K2,83,71,96,73,5.55690426406646
Q96AG4,Intra-Protein-XL,LVNLQHLDLLNNKLVTLPVSFAQLK,K13,NKLQQLPADFGR,K2,83,71,96,73,5.55690426406646
Q96AG4,Intra-Protein-XL,LVNLQHLDLLNNKLVTLPVSFAQLK,K13,NKLQQLPADFGR,K2,83,71,96,73,5.55690426406646
Q96AG4,Intra-Protein-XL,LVNLQHLDLLNNKLVTLPVSFAQLK,K13,NKLQQLPADFGR,K2,83,71,96,73,5.55690426406646
Q96AG4,Intra-Protein-XL,LVNLQHLDLLNNKLVTLPVSFAQLK,K13,NKLQQLPADFGR,K2,83,71,96,73,5.55690426406646
Q96AG4,Intra-Protein-XL,LVNLQHLDLLNNKLVTLPVSFAQLK,K13,NKLQQLPADFGR,K2,83,71,96,73,5.55690426406646
Q96AG4,Intra-Protein-XL,LVNLQHLDLLNNKLVTLPVSFAQLK,K13,NKLQQLPADFGR,K2,83,71,96,73,5.55690426406646
Q96AG4,Intra-Protein-XL,LVNLQHLDLLNNKLVTLPVSFAQLK,K13,NKLQQLPADFGR,K2,83,71,96,73,5.55690426406646
Q96AG4,Intra-Protein-XL,LVNLQHLDLLNNKLVTLPVSFAQLK,K13,NKLQQLPADFGR,K2,83,71,96,73,5.55690426406646
Q96AG4,Intra-Protein-XL,LVNLQHLDLLNNKLVTLPVSFAQLK,K13,NKLQQLPADFGR,K2,83,71,96,73,5.55690426406646
P11215,Intra-Protein-XL,MKEFVSTVMEQLK,K2,SLVKPITQLLGR,K4,168,212,170,216,7.016546230161959
P11215,Intra-Protein-XL,MKEFVSTVMEQLK,K2,SLVKPITQLLGR,K4,168,212,170,216,7.016546230161959
P11215,Intra-Protein-XL,MKEFVSTVMEQLK,K2,SLVKPITQLLGR,K4,168,212,170,216,7.016546230161959
P11215,Intra-Protein-XL,MKEFVSTVMEQLK,K2,SLVKPITQLLGR,K4,168,212,170,216,7.016546230161959
P11215,Intra-Protein-XL,MKEFVSTVMEQLK,K2,SLVKPITQLLGR,K4,168,212,170,216,7.016546230161959
P11215,Intra-Protein-XL,MKEFVSTVMEQLK,K2,SLVKPITQLLGR,K4,168,212,170,216,7.016546230161959
P11215,Intra-Protein-XL,MKEFVSTVMEQLK,K2,SLVKPITQLLGR,K4,168,212,170,216,7.016546230161959
P11215,Intra-Protein-XL,MKEFVSTVMEQLK,K2,SLVKPITQLLGR,K4,168,212,170,216,7.016546230161959
P11215,Intra-Protein-XL,MKEFVSTVMEQLK,K2,SLVKPITQLLGR,K4,168,212,170,216,7.016546230161959
P11215,Intra-Protein-XL,MKEFVSTVMEQLKK,K2,SLVKPITQLLGR,K4,168,212,170,216,7.016546230161959
P11215,Intra-Protein-XL,MKEFVSTVMEQLKK,K2,SLVKPITQLLGR,K4,168,212,170,216,7.016546230161959
P11215,Intra-Protein-XL,MKEFVSTVMEQLKK,K2,SLVKPITQLLGR,K4,168,212,170,216,7.016546230161959
P11215,Intra-Protein-XL,MKEFVSTVMEQLKK,K2,SLVKPITQLLGR,K4,168,212,170,216,7.016546230161959
P11215,Intra-Protein-XL,MKEFVSTVMEQLKK,K2,SLVKPITQLLGR,K4,168,212,170,216,7.016546230161959
P11215,Intra-Protein-XL,MKEFVSTVMEQLKK,K2,SLVKPITQLLGR,K4,168,212,170,216,7.016546230161959
P11215,Intra-Protein-XL,MKEFVSTVMEQLKK,K2,SLVKPITQLLGR,K4,168,212,170,216,7.016546230161959
P11215,Intra-Protein-XL,MKEFVSTVMEQLKK,K2,SLVKPITQLLGR,K4,168,212,170,216,7.016546230161959
P16284,Intra-Protein-XL,NHAMKPINDNKEPLNSDVQYTEVQVSSAESHKDLGK,K32,KDTETVYSEVR,K1,670,706,702,707,16.919855584490076
P16284,Intra-Protein-XL,NHAMKPINDNKEPLNSDVQYTEVQVSSAESHKDLGK,K32,KDTETVYSEVR,K1,670,706,702,707,16.919855584490076
O75882,Intra-Protein-XL,NHNALLASLTTQKK,K13,VEFVLKQLR,K6,817,831,830,837,10.515900627145541
P05556,Intra-Protein-XL,NKNVTNR,K2,SKGTAEK,K2,91,98,93,100,21.061578905675617
P05556,Intra-Protein-XL,NKNVTNR,K2,SKGTAEK,K2,91,98,93,100,21.061578905675617
P05556,Intra-Protein-XL,NKNVTNR,K2,SKGTAEK,K2,91,98,93,100,21.061578905675617
P46940,Intra-Protein-XL,NKYQELINDIAR,K2,IQTGLKK,K6,1475,1458,1477,1464,12.536164365546586
P46940,Intra-Protein-XL,NKYQELINDIAR,K2,IQTGLKK,K6,1475,1458,1477,1464,12.536164365546586
P46940,Intra-Protein-XL,NKYQELINDIAR,K2,IQTGLKK,K6,1475,1458,1477,1464,12.536164365546586
O15031,Intra-Protein-XL,NLDTVKGSSLHVGSDLLK,K6,SYGKNIDSK,K4,690,743,696,747,14.533998383101608
O15031,Intra-Protein-XL,NLDTVKGSSLHVGSDLLK,K6,SYGKNIDSK,K4,690,743,696,747,14.533998383101608
O15031,Intra-Protein-XL,NLDTVKGSSLHVGSDLLK,K6,SYGKNIDSK,K4,690,743,696,747,14.533998383101608
O15031,Intra-Protein-XL,NLDTVKGSSLHVGSDLLK,K6,SYGKNIDSK,K4,690,743,696,747,14.533998383101608
O15031,Intra-Protein-XL,NLDTVKGSSLHVGSDLLK,K6,SYGKNIDSK,K4,690,743,696,747,14.533998383101608
O15031,Intra-Protein-XL,NLDTVKGSSLHVGSDLLK,K6,SYGKNIDSK,K4,690,743,696,747,14.533998383101608
O15031,Intra-Protein-XL,NLDTVKGSSLHVGSDLLK,K6,SYGKNIDSK,K4,690,743,696,747,14.533998383101608
O15031,Intra-Protein-XL,NLDTVKGSSLHVGSDLLK,K6,SYGKNIDSK,K4,690,743,696,747,14.533998383101608
O15031,Intra-Protein-XL,NLDTVKGSSLHVGSDLLK,K6,SYGKNIDSK,K4,690,743,696,747,14.533998383101608
P47985,Intra-Protein-XL,NMAFKWR,K5,GKPLFVR,K2,163,170,168,172,5.9579782644786485
O60313,Intra-Protein-XL,NVKEVLEDFAEDGEK,K3,KLVLQK,K1,908,244,911,245,17.584071485296004
P08575,Intra-Protein-XL,QKLPQKNSSEGNK,K6,VKVIVMLTELK,K2,1145,1054,1151,1056,14.785586664045493
O75477,Intra-Protein-XL,QKVVEKEAETER,K2,VVEKEAETERK,K4,201,203,203,207,6.136784255617919
O75477,Intra-Protein-XL,QKVVEKEAETERK,K2,NFELMEAEKTK,K9,201,183,203,192,16.763815407000877
O75477,Intra-Protein-XL,QKVVEKEAETERK,K2,VVEKEAETER,K4,201,203,203,207,6.136784255617919
Q01650,Intra-Protein-XL,RALAAPAAEEKEEAR,K11,EKMLAAK,K2,8,23,19,25,9.894497561776447
P11717,Intra-Protein-XL,REPQGFHKVAGLLTQK,K8,KPWTAVDTSVDGRK,K1,1285,1103,1293,1104,52.33950012180093
Q13740,Intra-Protein-XL,RESLTLIVEGKPQIK,K11,MTKKTDPSGLSK,K3,404,419,415,422,23.130245848239493
Q13740,Intra-Protein-XL,RESLTLIVEGKPQIKMTK,K15,KTDPSGLSK,K1,404,422,419,423,13.567345724201175
Q13740,Intra-Protein-XL,RESLTLIVEGKPQIKMTK,K15,KTDPSGLSK,K1,404,422,419,423,13.567345724201175
Q13740,Intra-Protein-XL,RESLTLIVEGKPQIKMTK,K15,KTDPSGLSK,K1,404,422,419,423,13.567345724201175
Q13740,Intra-Protein-XL,RESLTLIVEGKPQIKMTK,K15,KTDPSGLSK,K1,404,422,419,423,13.567345724201175
Q13740,Intra-Protein-XL,RESLTLIVEGKPQIKMTK,K15,KTDPSGLSK,K1,404,422,419,423,13.567345724201175
Q13740,Intra-Protein-XL,RESLTLIVEGKPQIKMTK,K15,KTDPSGLSK,K1,404,422,419,423,13.567345724201175
Q13740,Intra-Protein-XL,RESLTLIVEGKPQIKMTK,K15,KTDPSGLSK,K1,404,422,419,423,13.567345724201175
Q13740,Intra-Protein-XL,RESLTLIVEGKPQIKMTK,K15,KTDPSGLSK,K1,404,422,419,423,13.567345724201175
Q13740,Intra-Protein-XL,RESLTLIVEGKPQIKMTK,K15,KTDPSGLSK,K1,404,422,419,423,13.567345724201175
Q13740,Intra-Protein-XL,RESLTLIVEGKPQIKMTK,K15,KTDPSGLSK,K1,404,422,419,423,13.567345724201175
Q13740,Intra-Protein-XL,RESLTLIVEGKPQIKMTK,K15,KTDPSGLSK,K1,404,422,419,423,13.567345724201175
P11215,Intra-Protein-XL,RMKEFVSTVMEQLKK,K3,SLVKPITQLLGR,K4,167,212,170,216,7.016546230161959
P04843,Intra-Protein-XL,RQELVTKIDHILDAL,K7,VSEMQKLDAQVK,K6,592,547,599,553,11.026744125080626
P04843,Intra-Protein-XL,RQELVTKIDHILDAL,K7,VSEMQKLDAQVK,K6,592,547,599,553,11.026744125080626
P04843,Intra-Protein-XL,RQELVTKIDHILDAL,K7,VSEMQKLDAQVK,K6,592,547,599,553,11.026744125080626
P04843,Intra-Protein-XL,RQELVTKIDHILDAL,K7,VSEMQKLDAQVK,K6,592,547,599,553,11.026744125080626
P04843,Intra-Protein-XL,RQELVTKIDHILDAL,K7,VSEMQKLDAQVK,K6,592,547,599,553,11.026744125080626
P04843,Intra-Protein-XL,RQELVTKIDHILDAL,K7,VSEMQKLDAQVK,K6,592,547,599,553,11.026744125080626
P04843,Intra-Protein-XL,RQELVTKIDHILDAL,K7,VSEMQKLDAQVK,K6,592,547,599,553,11.026744125080626
P04843,Intra-Protein-XL,RQELVTKIDHILDAL,K7,VSEMQKLDAQVK,K6,592,547,599,553,11.026744125080626
P04843,Intra-Protein-XL,RQELVTKIDHILDAL,K7,VSEMQKLDAQVK,K6,592,547,599,553,11.026744125080626
P04843,Intra-Protein-XL,RQELVTKIDHILDAL,K7,VSEMQKLDAQVK,K6,592,547,599,553,11.026744125080626
P04843,Intra-Protein-XL,RQELVTKIDHILDAL,K7,VSEMQKLDAQVK,K6,592,547,599,553,11.026744125080626
P04843,Intra-Protein-XL,RQELVTKIDHILDAL,K7,VSEMQKLDAQVK,K6,592,547,599,553,11.026744125080626
P04843,Intra-Protein-XL,RQELVTKIDHILDAL,K7,VSEMQKLDAQVK,K6,592,547,599,553,11.026744125080626
P04843,Intra-Protein-XL,RQELVTKIDHILDAL,K7,VSEMQKLDAQVK,K6,592,547,599,553,11.026744125080626
P04843,Intra-Protein-XL,RQELVTKIDHILDAL,K7,VSEMQKLDAQVK,K6,592,547,599,553,11.026744125080626
P04843,Intra-Protein-XL,RQELVTKIDHILDAL,K7,VSEMQKLDAQVK,K6,592,547,599,553,11.026744125080626
P04843,Intra-Protein-XL,RQELVTKIDHILDAL,K7,VSEMQKLDAQVK,K6,592,547,599,553,11.026744125080626
P04843,Intra-Protein-XL,RQELVTKIDHILDAL,K7,VSEMQKLDAQVK,K6,592,547,599,553,11.026744125080626
P04843,Intra-Protein-XL,RQELVTKIDHILDAL,K7,VSEMQKLDAQVK,K6,592,547,599,553,11.026744125080626
P04843,Intra-Protein-XL,RQELVTKIDHILDAL,K7,VSEMQKLDAQVK,K6,592,547,599,553,11.026744125080626
P04843,Intra-Protein-XL,RQELVTKIDHILDAL,K7,VSEMQKLDAQVK,K6,592,547,599,553,11.026744125080626
P04843,Intra-Protein-XL,RQELVTKIDHILDAL,K7,VSEMQKLDAQVK,K6,592,547,599,553,11.026744125080626
P04843,Intra-Protein-XL,RQELVTKIDHILDAL,K7,VSEMQKLDAQVK,K6,592,547,599,553,11.026744125080626
P04843,Intra-Protein-XL,RQELVTKIDHILDAL,K7,VSEMQKLDAQVK,K6,592,547,599,553,11.026744125080626
P04843,Intra-Protein-XL,RQELVTKIDHILDAL,K7,VSEMQKLDAQVK,K6,592,547,599,553,11.026744125080626
P04843,Intra-Protein-XL,RQELVTKIDHILDAL,K7,VSEMQKLDAQVK,K6,592,547,599,553,11.026744125080626
P04843,Intra-Protein-XL,RQELVTKIDHILDAL,K7,VSEMQKLDAQVK,K6,592,547,599,553,11.026744125080626
P04843,Intra-Protein-XL,RQELVTKIDHILDAL,K7,VSEMQKLDAQVK,K6,592,547,599,553,11.026744125080626
P04843,Intra-Protein-XL,RQELVTKIDHILDAL,K7,VSEMQKLDAQVK,K6,592,547,599,553,11.026744125080626
P04843,Intra-Protein-XL,RQELVTKIDHILDAL,K7,VSEMQKLDAQVK,K6,592,547,599,553,11.026744125080626
P04843,Intra-Protein-XL,RQELVTKIDHILDAL,K7,VSEMQKLDAQVK,K6,592,547,599,553,11.026744125080626
P04843,Intra-Protein-XL,RQELVTKIDHILDAL,K7,VSEMQKLDAQVK,K6,592,547,599,553,11.026744125080626
P04843,Intra-Protein-XL,RQELVTKIDHILDAL,K7,VSEMQKLDAQVK,K6,592,547,599,553,11.026744125080626
P04843,Intra-Protein-XL,RQELVTKIDHILDAL,K7,VSEMQKLDAQVK,K6,592,547,599,553,11.026744125080626
P04843,Intra-Protein-XL,RQELVTKIDHILDAL,K7,VSEMQKLDAQVK,K6,592,547,599,553,11.026744125080626
P04843,Intra-Protein-XL,RQELVTKIDHILDAL,K7,VSEMQKLDAQVK,K6,592,547,599,553,11.026744125080626
P04843,Intra-Protein-XL,RQELVTKIDHILDAL,K7,VSEMQKLDAQVK,K6,592,547,599,553,11.026744125080626
P04843,Intra-Protein-XL,RQELVTKIDHILDAL,K7,VSEMQKLDAQVK,K6,592,547,599,553,11.026744125080626
P04843,Intra-Protein-XL,RQELVTKIDHILDAL,K7,VSEMQKLDAQVK,K6,592,547,599,553,11.026744125080626
P04843,Intra-Protein-XL,RQELVTKIDHILDAL,K7,VSEMQKLDAQVK,K6,592,547,599,553,11.026744125080626
P04843,Intra-Protein-XL,RTVDLSSHLAKVTAEVVLAHLGGGSTSR,K11,VKLASR,K2,37,174,48,176,9.808306173850815
P04843,Intra-Protein-XL,RTVDLSSHLAKVTAEVVLAHLGGGSTSR,K11,VKLASR,K2,37,174,48,176,9.808306173850815
P04843,Intra-Protein-XL,RTVDLSSHLAKVTAEVVLAHLGGGSTSR,K11,VKLASR,K2,37,174,48,176,9.808306173850815
P04843,Intra-Protein-XL,RTVDLSSHLAKVTAEVVLAHLGGGSTSR,K11,VKLASR,K2,37,174,48,176,9.808306173850815
P04843,Intra-Protein-XL,RTVDLSSHLAKVTAEVVLAHLGGGSTSR,K11,VKLASR,K2,37,174,48,176,9.808306173850815
P04843,Intra-Protein-XL,RTVDLSSHLAKVTAEVVLAHLGGGSTSR,K11,VKLASR,K2,37,174,48,176,9.808306173850815
P04843,Intra-Protein-XL,RTVDLSSHLAKVTAEVVLAHLGGGSTSR,K11,VKLASR,K2,37,174,48,176,9.808306173850815
P04843,Intra-Protein-XL,RTVDLSSHLAKVTAEVVLAHLGGGSTSR,K11,VKLASR,K2,37,174,48,176,9.808306173850815
P04843,Intra-Protein-XL,RTVDLSSHLAKVTAEVVLAHLGGGSTSR,K11,VKLASR,K2,37,174,48,176,9.808306173850815
P04843,Intra-Protein-XL,RTVDLSSHLAKVTAEVVLAHLGGGSTSR,K11,VKLASR,K2,37,174,48,176,9.808306173850815
P80723,Intra-Protein-XL,SDGAPASDSKPGSSEAAPSSKETPAATEAPSSTPK,K21,AQGPAASAEEPKPVEAPAANSDQTVTVKE,K28,163,198,184,226,81.12226864431246
Q16891,Intra-Protein-XL,SEFEQNLSEKLSEQELQFR,K10,VQEQELKSEFEQNLSEK,K7,506,499,516,506,15.191098906925724
Q16891,Intra-Protein-XL,SEFEQNLSEKLSEQELQFR,K10,VQEQELKSEFEQNLSEK,K7,506,499,516,506,15.191098906925724
P26038,Intra-Protein-XL,SGYLAGDKLLPQR,K8,LNKDQWEER,K3,143,162,151,165,11.094060302702522
P26038,Intra-Protein-XL,SGYLAGDKLLPQR,K8,LNKDQWEER,K3,143,162,151,165,11.094060302702522
P26038,Intra-Protein-XL,SGYLAGDKLLPQR,K8,LNKDQWEER,K3,143,162,151,165,11.094060302702522
P26038,Intra-Protein-XL,SGYLAGDKLLPQR,K8,LNKDQWEER,K3,143,162,151,165,11.094060302702522
P23634,Intra-Protein-XL,SLDKDPMLLSGTHVMEGSGR,K4,KSMSTVIR,K1,248,572,252,573,34.39951543263364
P04843,Intra-Protein-XL,SLETEHKALTSEIALLQSR,K7,LDAQVKELVLK,K6,517,553,524,559,10.651146886603346
P04843,Intra-Protein-XL,SLETEHKALTSEIALLQSR,K7,LDAQVKELVLK,K6,517,553,524,559,10.651146886603346
P13612,Intra-Protein-XL,SQHTTEVVGGAPQHEQIGKAYIFSIDEK,K19,QNQVKFGSYLGYSVGAGHFR,K5,261,241,280,246,10.576739289592043
P13612,Intra-Protein-XL,SQHTTEVVGGAPQHEQIGKAYIFSIDEKELNILHEMK,K19,QNQVKFGSYLGYSVGAGHFR,K5,261,241,280,246,10.576739289592043
P13612,Intra-Protein-XL,SQHTTEVVGGAPQHEQIGKAYIFSIDEKELNILHEMK,K19,QNQVKFGSYLGYSVGAGHFR,K5,261,241,280,246,10.576739289592043
P04839,Intra-Protein-XL,SQQKVVITK,K4,TIELQMKK,K7,290,306,294,313,8.637277175128744
P27824,Intra-Protein-XL,TDAPQPDVKEEEEEKEEEK,K15,DKGDEEEEGEEK,K2,516,535,531,537,20.480637612144793
P27824,Intra-Protein-XL,TDAPQPDVKEEEEEKEEEK,K15,DKGDEEEEGEEKLEEK,K2,516,535,531,537,20.480637612144793
P27824,Intra-Protein-XL,TDAPQPDVKEEEEEKEEEK,K15,DKGDEEEEGEEKLEEK,K2,516,535,531,537,20.480637612144793
P07355,Intra-Protein-XL,TDLEKDIISDTSGDFRK,K5,VYKEMYK,K3,152,145,157,148,10.426545209224386
P07355,Intra-Protein-XL,TDLEKDIISDTSGDFRK,K5,VYKEMYK,K3,152,145,157,148,10.426545209224386
Q9HC07,Intra-Protein-XL,TKLLNGPGDVETGTSITVPQKK,K2,KDEEFQR,K1,206,199,208,200,12.383301377258004
P47985,Intra-Protein-XL,TQKEIEQEAAVELSQLRDPQHDLDR,K3,GKPLFVR,K2,179,170,182,172,28.43143051272658
Q9Y277,Intra-Protein-XL,TSLSAKVNNASLIGLGYTQTLRPGVK,K6,AAKDVFNK,K3,230,12,236,15,11.592756574689213
Q9Y277,Intra-Protein-XL,TSLSAKVNNASLIGLGYTQTLRPGVK,K6,AAKDVFNK,K3,230,12,236,15,11.592756574689213
Q9Y277,Intra-Protein-XL,TSLSAKVNNASLIGLGYTQTLRPGVK,K6,AAKDVFNK,K3,230,12,236,15,11.592756574689213
Q9Y277,Intra-Protein-XL,TSLSAKVNNASLIGLGYTQTLRPGVK,K6,AAKDVFNK,K3,230,12,236,15,11.592756574689213
Q9Y277,Intra-Protein-XL,TSLSAKVNNASLIGLGYTQTLRPGVK,K6,AAKDVFNK,K3,230,12,236,15,11.592756574689213
Q9Y277,Intra-Protein-XL,TSLSAKVNNASLIGLGYTQTLRPGVK,K6,AAKDVFNK,K3,230,12,236,15,11.592756574689213
Q9Y277,Intra-Protein-XL,TSLSAKVNNASLIGLGYTQTLRPGVK,K6,AAKDVFNK,K3,230,12,236,15,11.592756574689213
Q9Y277,Intra-Protein-XL,TSLSAKVNNASLIGLGYTQTLRPGVK,K6,AAKDVFNK,K3,230,12,236,15,11.592756574689213
Q9Y277,Intra-Protein-XL,TSLSAKVNNASLIGLGYTQTLRPGVK,K6,AAKDVFNK,K3,230,12,236,15,11.592756574689213
Q9Y277,Intra-Protein-XL,TSLSAKVNNASLIGLGYTQTLRPGVK,K6,AAKDVFNK,K3,230,12,236,15,11.592756574689213
Q9Y277,Intra-Protein-XL,TSLSAKVNNASLIGLGYTQTLRPGVK,K6,AAKDVFNK,K3,230,12,236,15,11.592756574689213
Q9Y277,Intra-Protein-XL,TSLSAKVNNASLIGLGYTQTLRPGVK,K6,AAKDVFNK,K3,230,12,236,15,11.592756574689213
Q9Y277,Intra-Protein-XL,TSLSAKVNNASLIGLGYTQTLRPGVK,K6,AAKDVFNK,K3,230,12,236,15,11.592756574689213
Q9Y277,Intra-Protein-XL,TSLSAKVNNASLIGLGYTQTLRPGVK,K6,AAKDVFNK,K3,230,12,236,15,11.592756574689213
Q9Y277,Intra-Protein-XL,TSLSAKVNNASLIGLGYTQTLRPGVK,K6,AAKDVFNK,K3,230,12,236,15,11.592756574689213
Q9Y277,Intra-Protein-XL,TSLSAKVNNASLIGLGYTQTLRPGVK,K6,DVFNKGYGFGMVK,K5,230,15,236,20,10.99895490489892
Q9Y277,Intra-Protein-XL,TSLSAKVNNASLIGLGYTQTLRPGVK,K6,DVFNKGYGFGMVK,K5,230,15,236,20,10.99895490489892
Q9Y277,Intra-Protein-XL,TSLSAKVNNASLIGLGYTQTLRPGVK,K6,DVFNKGYGFGMVK,K5,230,15,236,20,10.99895490489892
Q9Y277,Intra-Protein-XL,TSLSAKVNNASLIGLGYTQTLRPGVK,K6,DVFNKGYGFGMVK,K5,230,15,236,20,10.99895490489892
P04843,Intra-Protein-XL,TVDLSSHLAKVTAEVVLAHLGGGSTSR,K10,VKLASR,K2,38,174,48,176,9.808306173850815
P04843,Intra-Protein-XL,TVDLSSHLAKVTAEVVLAHLGGGSTSR,K10,VKLASR,K2,38,174,48,176,9.808306173850815
P04843,Intra-Protein-XL,TVDLSSHLAKVTAEVVLAHLGGGSTSR,K10,VKLASR,K2,38,174,48,176,9.808306173850815
P04843,Intra-Protein-XL,TVDLSSHLAKVTAEVVLAHLGGGSTSR,K10,VKLASR,K2,38,174,48,176,9.808306173850815
P04843,Intra-Protein-XL,TVDLSSHLAKVTAEVVLAHLGGGSTSR,K10,VKLASR,K2,38,174,48,176,9.808306173850815
P04843,Intra-Protein-XL,TVDLSSHLAKVTAEVVLAHLGGGSTSR,K10,VKLASR,K2,38,174,48,176,9.808306173850815
P04843,Intra-Protein-XL,TVDLSSHLAKVTAEVVLAHLGGGSTSR,K10,VKLASR,K2,38,174,48,176,9.808306173850815
P04843,Intra-Protein-XL,TVDLSSHLAKVTAEVVLAHLGGGSTSR,K10,VKLASR,K2,38,174,48,176,9.808306173850815
P04843,Intra-Protein-XL,TVDLSSHLAKVTAEVVLAHLGGGSTSR,K10,VKLASR,K2,38,174,48,176,9.808306173850815
P04843,Intra-Protein-XL,TVDLSSHLAKVTAEVVLAHLGGGSTSR,K10,VKLASR,K2,38,174,48,176,9.808306173850815
P04843,Intra-Protein-XL,TVDLSSHLAKVTAEVVLAHLGGGSTSR,K10,VKLASR,K2,38,174,48,176,9.808306173850815
P04843,Intra-Protein-XL,TVDLSSHLAKVTAEVVLAHLGGGSTSR,K10,VKLASR,K2,38,174,48,176,9.808306173850815
P04843,Intra-Protein-XL,TVDLSSHLAKVTAEVVLAHLGGGSTSR,K10,VKLASR,K2,38,174,48,176,9.808306173850815
P04843,Intra-Protein-XL,TVDLSSHLAKVTAEVVLAHLGGGSTSR,K10,VKLASR,K2,38,174,48,176,9.808306173850815
P04843,Intra-Protein-XL,TVDLSSHLAKVTAEVVLAHLGGGSTSR,K10,VKLASR,K2,38,174,48,176,9.808306173850815
P04843,Intra-Protein-XL,TVDLSSHLAKVTAEVVLAHLGGGSTSR,K10,VKLASR,K2,38,174,48,176,9.808306173850815
P04843,Intra-Protein-XL,TVDLSSHLAKVTAEVVLAHLGGGSTSR,K10,VKLASR,K2,38,174,48,176,9.808306173850815
P04843,Intra-Protein-XL,TVDLSSHLAKVTAEVVLAHLGGGSTSR,K10,VKLASR,K2,38,174,48,176,9.808306173850815
P04843,Intra-Protein-XL,TVDLSSHLAKVTAEVVLAHLGGGSTSR,K10,VKLASR,K2,38,174,48,176,9.808306173850815
P04843,Intra-Protein-XL,TVDLSSHLAKVTAEVVLAHLGGGSTSR,K10,VKLASR,K2,38,174,48,176,9.808306173850815
P08575,Intra-Protein-XL,VFSKFPIKEAR,K8,KPFNQNK,K1,662,673,670,674,6.628489797834798
P08575,Intra-Protein-XL,VFSKFPIKEAR,K8,KPFNQNK,K1,662,673,670,674,6.628489797834798
P08575,Intra-Protein-XL,VFSKFPIKEAR,K8,KPFNQNK,K1,662,673,670,674,6.628489797834798
P08575,Intra-Protein-XL,VFSKFPIKEAR,K8,KPFNQNK,K1,662,673,670,674,6.628489797834798
P08575,Intra-Protein-XL,VFSKFPIKEAR,K8,KPFNQNK,K1,662,673,670,674,6.628489797834798
Q12913,Intra-Protein-XL,VIKVITEPIPVSDLR,K3,HKMENEK,K2,199,154,202,156,11.366566983922619
Q12913,Intra-Protein-XL,VIKVITEPIPVSDLR,K3,HKMENEK,K2,199,154,202,156,11.366566983922619
P04839,Intra-Protein-XL,VVITKVVTHPFK,K5,TIELQMKK,K7,294,306,299,313,9.90697052584694
P04839,Intra-Protein-XL,VVITKVVTHPFK,K5,TIELQMKK,K7,294,306,299,313,9.90697052584694
P04839,Intra-Protein-XL,VVITKVVTHPFK,K5,TIELQMKK,K7,294,306,299,313,9.90697052584694
P04839,Intra-Protein-XL,VVITKVVTHPFK,K5,TIELQMKKK,K7,294,306,299,313,9.90697052584694
Q9H0X4,Intra-Protein-XL,WTPKAAHVLR,K4,KPIFGR,K1,361,371,365,372,15.576068213769481
Q9H0X4,Intra-Protein-XL,WTPKAAHVLR,K4,KPIFGR,K1,361,371,365,372,15.576068213769481
Q9H0X4,Intra-Protein-XL,WTPKAAHVLR,K4,KPIFGR,K1,361,371,365,372,15.576068213769481
Q9H0X4,Intra-Protein-XL,WTPKAAHVLR,K4,KPIFGR,K1,361,371,365,372,15.576068213769481
P01893,Intra-Protein-XL,YLENGKETLQR,K6,KWEAAR,K1,194,169,200,170,40.94421992174231
Q86Y38,Intra-Protein-XL,YRDMNFLKSHGR,K8,KQGLDR,K1,441,460,449,461,16.75412922237381
O75487,Intra-Protein-XL,YTEQLKPFGDVPRK,K6,LKLQVTR,K2,192,206,198,208,14.115934471369577
Q01518,Intra-Protein-XL,EIGGDVQKHAEMVHTGLK,K8,EVITFREKNR,K8,63,113,71,121,12.655342350169748
Q13740,Intra-Protein-XL,RESLTLIVEGKPQIKMTK,K11,KTDPSGLSK,K1,404,422,415,423,26.350763328602074
Q13740,Intra-Protein-XL,RESLTLIVEGKPQIKMTK,K11,KTDPSGLSK,K1,404,422,415,423,26.350763328602074
P13612,Intra-Protein-XL,AYIFSIDEKELNILHEMK,K9,AFLDKQNQVK,K5,280,236,289,241,13.02658163141812
P13612,Intra-Protein-XL,AYIFSIDEKELNILHEMK,K9,AFLDKQNQVK,K5,280,236,289,241,13.02658163141812
P13612,Intra-Protein-XL,AYIFSIDEKELNILHEMK,K9,AFLDKQNQVK,K5,280,236,289,241,13.02658163141812
P13612,Intra-Protein-XL,AYIFSIDEKELNILHEMK,K9,AFLDKQNQVK,K5,280,236,289,241,13.02658163141812
P13612,Intra-Protein-XL,AYIFSIDEKELNILHEMK,K9,AFLDKQNQVK,K5,280,236,289,241,13.02658163141812
P13612,Intra-Protein-XL,AYIFSIDEKELNILHEMK,K9,AFLDKQNQVK,K5,280,236,289,241,13.02658163141812
P13612,Intra-Protein-XL,AYIFSIDEKELNILHEMK,K9,AFLDKQNQVK,K5,280,236,289,241,13.02658163141812
P13612,Intra-Protein-XL,AYIFSIDEKELNILHEMK,K9,AFLDKQNQVK,K5,280,236,289,241,13.02658163141812
P13612,Intra-Protein-XL,AYIFSIDEKELNILHEMK,K9,AFLDKQNQVK,K5,280,236,289,241,13.02658163141812
P13612,Intra-Protein-XL,AYIFSIDEKELNILHEMK,K9,AFLDKQNQVK,K5,280,236,289,241,13.02658163141812
P13612,Intra-Protein-XL,AYIFSIDEKELNILHEMK,K9,AFLDKQNQVK,K5,280,236,289,241,13.02658163141812
P13612,Intra-Protein-XL,AYIFSIDEKELNILHEMK,K9,AFLDKQNQVK,K5,280,236,289,241,13.02658163141812
P04844,Intra-Protein-XL,ATVLQKTSFTPVGDVFELNFMNVK,K6,LQVTNVLSQPLTQATVKLEHAK,K17,316,289,322,306,6.597319228292656
P04844,Intra-Protein-XL,ATVLQKTSFTPVGDVFELNFMNVK,K6,LQVTNVLSQPLTQATVKLEHAK,K17,316,289,322,306,6.597319228292656
P04844,Intra-Protein-XL,ATVLQKTSFTPVGDVFELNFMNVK,K6,LQVTNVLSQPLTQATVKLEHAK,K17,316,289,322,306,6.597319228292656
P04839,Intra-Protein-XL,VVITKVVTHPFK,K5,TIELQMKKK,K8,294,306,299,314,13.469695542216238
P13498,Intra-Protein-XL,ERPQIGGTIKQPPSNPPPRPPAEAR,K10,KGSTMER,K1,139,60,149,61,28.74295574571272
P13498,Intra-Protein-XL,ERPQIGGTIKQPPSNPPPRPPAEAR,K10,KGSTMER,K1,139,60,149,61,28.74295574571272
P13498,Intra-Protein-XL,ERPQIGGTIKQPPSNPPPRPPAEAR,K10,KGSTMER,K1,139,60,149,61,28.74295574571272
P16284,Intra-Protein-XL,NHAMKPINDNKEPLNSDVQYTEVQVSSAESHKDLGK,K32,KDTETVYSEVRK,K1,670,706,702,707,16.919855584490076
P09669,Intra-Protein-XL,NYDVMKDFEEMR,K6,KAGIFQSVK,K1,54,66,60,67,10.586746620185068
P09669,Intra-Protein-XL,NYDVMKDFEEMR,K6,KAGIFQSVK,K1,54,66,60,67,10.586746620185068
P09669,Intra-Protein-XL,NYDVMKDFEEMR,K6,KAGIFQSVK,K1,54,66,60,67,10.586746620185068
P09669,Intra-Protein-XL,NYDVMKDFEEMR,K6,KAGIFQSVK,K1,54,66,60,67,10.586746620185068
P09669,Intra-Protein-XL,NYDVMKDFEEMR,K6,KAGIFQSVK,K1,54,66,60,67,10.586746620185068
P09669,Intra-Protein-XL,NYDVMKDFEEMR,K6,KAGIFQSVK,K1,54,66,60,67,10.586746620185068
P09669,Intra-Protein-XL,NYDVMKDFEEMR,K6,KAGIFQSVK,K1,54,66,60,67,10.586746620185068
P09669,Intra-Protein-XL,NYDVMKDFEEMR,K6,KAGIFQSVK,K1,54,66,60,67,10.586746620185068
P13612,Intra-Protein-XL,KEKDIMK,K3,KTINFAR,K1,606,613,609,614,14.592174717978125
P13612,Intra-Protein-XL,KEKDIMK,K3,KTINFAR,K1,606,613,609,614,14.592174717978125
P13612,Intra-Protein-XL,KEKDIMK,K3,KTINFAR,K1,606,613,609,614,14.592174717978125
P13612,Intra-Protein-XL,KEKDIMK,K3,KTINFAR,K1,606,613,609,614,14.592174717978125
P13612,Intra-Protein-XL,KEKDIMK,K3,KTINFAR,K1,606,613,609,614,14.592174717978125
P13612,Intra-Protein-XL,KEKDIMK,K3,KTINFAR,K1,606,613,609,614,14.592174717978125
P13612,Intra-Protein-XL,KEKDIMK,K3,KTINFAR,K1,606,613,609,614,14.592174717978125
P13612,Intra-Protein-XL,KEKDIMK,K3,KTINFAR,K1,606,613,609,614,14.592174717978125
P13612,Intra-Protein-XL,KEKDIMK,K3,KTINFAR,K1,606,613,609,614,14.592174717978125
P13612,Intra-Protein-XL,KEKDIMK,K3,KTINFAR,K1,606,613,609,614,14.592174717978125
P13612,Intra-Protein-XL,KEKDIMK,K3,KTINFAR,K1,606,613,609,614,14.592174717978125
P13612,Intra-Protein-XL,KEKDIMK,K3,KTINFAR,K1,606,613,609,614,14.592174717978125
P13612,Intra-Protein-XL,KEKDIMK,K3,KTINFAR,K1,606,613,609,614,14.592174717978125
P13612,Intra-Protein-XL,KEKDIMK,K3,KTINFAR,K1,606,613,609,614,14.592174717978125
P13612,Intra-Protein-XL,KEKDIMK,K3,KTINFAR,K1,606,613,609,614,14.592174717978125
P13612,Intra-Protein-XL,KEKDIMK,K3,KTINFAR,K1,606,613,609,614,14.592174717978125
P13612,Intra-Protein-XL,KEKDIMK,K3,KTINFAR,K1,606,613,609,614,14.592174717978125
P13612,Intra-Protein-XL,KEKDIMK,K3,KTINFAR,K1,606,613,609,614,14.592174717978125
P13612,Intra-Protein-XL,KEKDIMK,K3,KTINFAR,K1,606,613,609,614,14.592174717978125
P13612,Intra-Protein-XL,KEKDIMK,K3,KTINFAR,K1,606,613,609,614,14.592174717978125
Q13011,Intra-Protein-XL,VTSAQKHVLHVQLNRPNK,K6,TVTFSKL,K6,59,321,65,327,11.534303836816507
Q13011,Intra-Protein-XL,VTSAQKHVLHVQLNRPNK,K6,TVTFSKL,K6,59,321,65,327,11.534303836816507
Q13011,Intra-Protein-XL,VTSAQKHVLHVQLNRPNK,K6,ELKTVTFSKL,K3,59,318,65,321,14.15773096226934
Q13011,Intra-Protein-XL,AVVISGAGKMFTAGIDLMDMASDILQPK,K9,KMMADEALGSGLVSR,K1,103,230,112,231,16.886163418609925
Q13011,Intra-Protein-XL,VTSAQKHVLHVQLNRPNK,K6,ELKTVTFSK,K3,59,318,65,321,14.15773096226934
Q13011,Intra-Protein-XL,VTSAQKHVLHVQLNRPNK,K6,ELKTVTFSKL,K3,59,318,65,321,14.15773096226934
Q13011,Intra-Protein-XL,VTSAQKHVLHVQLNRPNK,K6,ELKTVTFSKL,K3,59,318,65,321,14.15773096226934
Q16698,Intra-Protein-XL,VAFITGGGTGLGKGMTTLLSSLGAQCVIASR,K13,TKGAFSR,K2,60,244,73,246,11.954347033610828
P16403,Intra-Protein-XL,SETAPAAPAAAPPAEKAPVKK,K20,KAGGTPR,K1,1,26,21,27,16.395145927987343
P16401,Intra-Protein-XL,SETAPAETATPAPVEKSPAK,K16,KAAGAGAAK,K1,1,26,17,27,25.987481467044855
P06733,Intra-Protein-XL,SILKIHAR,K4,AKFAGR,K2,1,420,5,422,37.74809075966625
P06733,Intra-Protein-XL,SILKIHAR,K4,YMGKGVSK,K4,1,56,5,60,26.73162189243294
Q16555,Intra-Protein-XL,KPFPDFVYK,K1,SYQGKK,K5,471,1,472,6,52.74585854832585
Q16555,Intra-Protein-XL,KPFPDFVYK,K1,SYQGKK,K5,471,1,472,6,52.74585854832585
Q16555,Intra-Protein-XL,KPFPDFVYK,K1,SYQGKK,K5,471,1,472,6,52.74585854832585
P06733,Intra-Protein-XL,AVEHINKTIAPALVSK,K7,SILKIHAR,K4,64,1,71,5,11.642878853616917
P06733,Intra-Protein-XL,AVEHINKTIAPALVSK,K7,SILKIHAR,K4,64,1,71,5,11.642878853616917
P06733,Intra-Protein-XL,AVEHINKTIAPALVSK,K7,SILKIHAR,K4,64,1,71,5,11.642878853616917
P06733,Intra-Protein-XL,AVEHINKTIAPALVSK,K7,SILKIHAR,K4,64,1,71,5,11.642878853616917
P06733,Intra-Protein-XL,AVEHINKTIAPALVSK,K7,SILKIHAR,K4,64,1,71,5,11.642878853616917
P06733,Intra-Protein-XL,AVEHINKTIAPALVSK,K7,SILKIHAR,K4,64,1,71,5,11.642878853616917
P06733,Intra-Protein-XL,AVEHINKTIAPALVSK,K7,SILKIHAR,K4,64,1,71,5,11.642878853616917
P06733,Intra-Protein-XL,AVEHINKTIAPALVSK,K7,SILKIHAR,K4,64,1,71,5,11.642878853616917
P06733,Intra-Protein-XL,AVEHINKTIAPALVSK,K7,SILKIHAR,K4,64,1,71,5,11.642878853616917
P18669,Intra-Protein-XL,NLKPIKPMQFLGDEETVRK,K6,AAYKLVLIR,K4,222,1,228,5,11.56581609744855
P27797,Intra-Protein-XL,CKDDEFTHLYTLIVRPDNTYEVK,K2,NVLINKDIR,K6,162,153,164,159,16.012635104816447
P27797,Intra-Protein-XL,CKDDEFTHLYTLIVRPDNTYEVK,K2,NVLINKDIR,K6,162,153,164,159,16.012635104816447
P27797,Intra-Protein-XL,CKDDEFTHLYTLIVRPDNTYEVK,K2,NVLINKDIR,K6,162,153,164,159,16.012635104816447
P27797,Intra-Protein-XL,CKDDEFTHLYTLIVRPDNTYEVK,K2,NVLINKDIR,K6,162,153,164,159,16.012635104816447
P27797,Intra-Protein-XL,CKDDEFTHLYTLIVRPDNTYEVK,K2,NVLINKDIR,K6,162,153,164,159,16.012635104816447
P27797,Intra-Protein-XL,CKDDEFTHLYTLIVRPDNTYEVK,K2,NVLINKDIR,K6,162,153,164,159,16.012635104816447
P62888,Intra-Protein-XL,AKLVILANNCPALRK,K2,SGKYVLGYK,K3,42,23,44,26,10.402325172767865
P23284,Intra-Protein-XL,DKPLKDVIIADCGK,K2,VESTKTDSR,K5,190,181,192,186,8.312045355987898
P23284,Intra-Protein-XL,DKPLKDVIIADCGK,K2,VESTKTDSR,K5,190,181,192,186,8.312045355987898
P63104,Intra-Protein-XL,EYREKIETELRDICNDVLSLLEK,K5,NELVQKAK,K6,80,3,85,9,28.899290735241237
P63104,Intra-Protein-XL,EYREKIETELRDICNDVLSLLEK,K5,NELVQKAK,K6,80,3,85,9,28.899290735241237
Q14738,Intra-Protein-XL,KEKEPPKVAK,K7,CTAKPSSSGK,K4,6,16,13,20,24.11227589838836
P13010,Intra-Protein-XL,KVITMFVQR,K1,LCVFKK,K5,35,233,36,238,17.773926437340737
P13010,Intra-Protein-XL,KVITMFVQR,K1,LCVFKK,K5,35,233,36,238,17.773926437340737
P13010,Intra-Protein-XL,KVITMFVQR,K1,LCVFKK,K5,35,233,36,238,17.773926437340737
P13010,Intra-Protein-XL,KVITMFVQR,K1,LCVFKK,K5,35,233,36,238,17.773926437340737
P13010,Intra-Protein-XL,KVITMFVQR,K1,LCVFKK,K5,35,233,36,238,17.773926437340737
P13010,Intra-Protein-XL,KVITMFVQR,K1,LCVFKK,K5,35,233,36,238,17.773926437340737
P13010,Intra-Protein-XL,KVITMFVQR,K1,LCVFKK,K5,35,233,36,238,17.773926437340737
P13010,Intra-Protein-XL,KVITMFVQR,K1,LCVFKK,K5,35,233,36,238,17.773926437340737
P13010,Intra-Protein-XL,KVITMFVQR,K1,LCVFKK,K5,35,233,36,238,17.773926437340737
P13010,Intra-Protein-XL,KVITMFVQR,K1,LCVFKK,K5,35,233,36,238,17.773926437340737
P13010,Intra-Protein-XL,KVITMFVQR,K1,LCVFKK,K5,35,233,36,238,17.773926437340737
P13010,Intra-Protein-XL,KVITMFVQR,K1,LCVFKK,K5,35,233,36,238,17.773926437340737
P13010,Intra-Protein-XL,KVITMFVQR,K1,LCVFKK,K5,35,233,36,238,17.773926437340737
P13010,Intra-Protein-XL,KVITMFVQR,K1,KLCVFK,K1,35,232,36,233,13.068986418234584
P14625,Intra-Protein-XL,KGYEVIYLTEPVDEYCIQALPEFDGK,K1,RFQNVAKEGVK,K7,560,586,561,593,18.495906006465326
Q08945,Intra-Protein-XL,KITVPGNFQGHSGAQCITCSYK,K1,VMKALVNR,K3,324,316,325,319,6.376863962795504
Q08945,Intra-Protein-XL,KITVPGNFQGHSGAQCITCSYK,K1,VMKALVNR,K3,324,316,325,319,6.376863962795504
P12268,Intra-Protein-XL,GSIHKFVPYLIAGIQHSCQDIGAK,K5,YFSEADKIK,K7,450,429,455,436,45.33327546074737
Q9Y4L1,Intra-Protein-XL,LPATEKPVLLSK,K6,KLCQGLFFR,K1,877,802,883,803,15.150405935155662
Q9Y4L1,Intra-Protein-XL,LPATEKPVLLSK,K6,KLCQGLFFR,K1,877,802,883,803,15.150405935155662
Q9Y4L1,Intra-Protein-XL,LPATEKPVLLSK,K6,KLCQGLFFR,K1,877,802,883,803,15.150405935155662
P62316,Intra-Protein-XL,HCNMVLENVKEMWTEVPK,K10,GDSVIVVLRNPLIAGK,K16,61,102,71,118,22.567444184045296
P62316,Intra-Protein-XL,HCNMVLENVKEMWTEVPK,K10,NPLIAGK,K7,61,111,71,118,22.567444184045296
P62316,Intra-Protein-XL,HCNMVLENVKEMWTEVPK,K10,NPLIAGK,K7,61,111,71,118,22.567444184045296
P62316,Intra-Protein-XL,HCNMVLENVKEMWTEVPK,K10,NPLIAGK,K7,61,111,71,118,22.567444184045296
P62316,Intra-Protein-XL,HCNMVLENVKEMWTEVPK,K10,NPLIAGK,K7,61,111,71,118,22.567444184045296
P62316,Intra-Protein-XL,HCNMVLENVKEMWTEVPK,K10,NPLIAGK,K7,61,111,71,118,22.567444184045296
P62316,Intra-Protein-XL,HCNMVLENVKEMWTEVPK,K10,NPLIAGK,K7,61,111,71,118,22.567444184045296
P62316,Intra-Protein-XL,HCNMVLENVKEMWTEVPK,K10,NPLIAGK,K7,61,111,71,118,22.567444184045296
P62316,Intra-Protein-XL,HCNMVLENVKEMWTEVPK,K10,NPLIAGK,K7,61,111,71,118,22.567444184045296
P08238,Intra-Protein-XL,KCLELFSELAEDKENYKK,K1,ILKVIR,K3,410,399,411,402,14.223703807377317
P07900,Intra-Protein-XL,KCLELFTELAEDKENYKK,K1,KLSELLR,K1,418,457,419,458,11.996751643674214
P49588,Intra-Protein-XL,KCLSVMEAK,K1,AESLKK,K5,771,766,772,771,3.85339382882155
P49588,Intra-Protein-XL,KCLSVMEAK,K1,KAESLK,K1,771,765,772,766,9.95815088256851
P38919,Intra-Protein-XL,ELAVQIQKGLLALGDYMNVQCHACIGGTNVGEDIRK,K8,ESIMKEFR,K5,116,316,124,321,13.448083915562096
P38919,Intra-Protein-XL,ELAVQIQKGLLALGDYMNVQCHACIGGTNVGEDIRK,K8,ESIMKEFR,K5,116,316,124,321,13.448083915562096
P61088,Intra-Protein-XL,LELFLPEEYPMAAPKVR,K15,ICLDILKDK,K7,53,85,68,92,9.761757474963204
P61088,Intra-Protein-XL,LELFLPEEYPMAAPKVR,K15,ICLDILKDK,K7,53,85,68,92,9.761757474963204
P62244,Intra-Protein-XL,MNVLADALKSINNAEK,K9,LNKCGVISPR,K3,3,68,12,71,8.949813685211554
O75367,Intra-Protein-XL,KNGPLEVAGAAVSAGHGLPAK,K1,NCLALADDKK,K9,247,292,248,301,16.07249495255793
O75367,Intra-Protein-XL,KNGPLEVAGAAVSAGHGLPAK,K1,NCLALADDKKLK,K9,247,292,248,301,16.07249495255793
P21281,Intra-Protein-XL,LTYKTVSGVNGPLVILDHVK,K4,KTSCEFTGDILR,K1,44,108,48,109,6.944206434143502
P12268,Intra-Protein-XL,REDLVVAPAGITLKEANEILQR,K14,KQLLCGAAIGTHEDDKYR,K1,181,241,195,242,12.279745681405622
P12268,Intra-Protein-XL,REDLVVAPAGITLKEANEILQR,K14,KQLLCGAAIGTHEDDKYR,K1,181,241,195,242,12.279745681405622
P12268,Intra-Protein-XL,REDLVVAPAGITLKEANEILQR,K14,KQLLCGAAIGTHEDDKYR,K1,181,241,195,242,12.279745681405622
P12268,Intra-Protein-XL,REDLVVAPAGITLKEANEILQR,K14,KQLLCGAAIGTHEDDKYR,K1,181,241,195,242,12.279745681405622
P12268,Intra-Protein-XL,REDLVVAPAGITLKEANEILQR,K14,KQLLCGAAIGTHEDDKYR,K1,181,241,195,242,12.279745681405622
P12268,Intra-Protein-XL,REDLVVAPAGITLKEANEILQR,K14,KQLLCGAAIGTHEDDKYR,K1,181,241,195,242,12.279745681405622
Q92598,Intra-Protein-XL,TIGVAAKNQQITHANNTVSNFK,K7,LYQECEKLKK,K7,46,265,53,272,14.80850255765248
P10809,Intra-Protein-XL,GQKCEFQDAYVLLSEKK,K3,KDRVTDALNATR,K1,233,417,236,418,32.22379693642572
P10809,Intra-Protein-XL,GQKCEFQDAYVLLSEKK,K3,KDRVTDALNATR,K1,233,417,236,418,32.22379693642572
P10809,Intra-Protein-XL,GQKCEFQDAYVLLSEKK,K3,KDRVTDALNATR,K1,233,417,236,418,32.22379693642572
P78527,Intra-Protein-XL,SQGCSEQVLTVLKTVSLLDENNVSSYLSK,K13,LLKELHK,K3,3289,3257,3302,3260,
P78527,Intra-Protein-XL,SQGCSEQVLTVLKTVSLLDENNVSSYLSK,K13,LLKELHK,K3,3289,3257,3302,3260,
P78527,Intra-Protein-XL,SQGCSEQVLTVLKTVSLLDENNVSSYLSK,K13,LLKELHK,K3,3289,3257,3302,3260,
P78527,Intra-Protein-XL,SQGCSEQVLTVLKTVSLLDENNVSSYLSK,K13,LLKELHK,K3,3289,3257,3302,3260,
P78527,Intra-Protein-XL,SQGCSEQVLTVLKTVSLLDENNVSSYLSK,K13,LLKELHK,K3,3289,3257,3302,3260,
P78527,Intra-Protein-XL,SQGCSEQVLTVLKTVSLLDENNVSSYLSK,K13,LLKELHKESK,K3,3289,3257,3302,3260,
P78527,Intra-Protein-XL,SQGCSEQVLTVLKTVSLLDENNVSSYLSK,K13,LLKELHKESK,K3,3289,3257,3302,3260,
P63241,Intra-Protein-XL,GRPCKIVEMSTSK,K5,KNGFVVLK,K1,34,26,39,27,8.099107234751248
P63241,Intra-Protein-XL,GRPCKIVEMSTSK,K5,KNGFVVLK,K1,34,26,39,27,8.099107234751248
P63241,Intra-Protein-XL,GRPCKIVEMSTSK,K5,KNGFVVLK,K1,34,26,39,27,8.099107234751248
P63241,Intra-Protein-XL,GRPCKIVEMSTSK,K5,KNGFVVLK,K1,34,26,39,27,8.099107234751248
O00139,Intra-Protein-XL,GMATCFAYGQTGSGKTHTMGGDFSGK,K15,KETQMK,K1,304,235,319,236,18.354611518634766
P23141,Intra-Protein-XL,SYPLVCIAKELIPEATEK,K9,KAVEKPPQTEHIEL,K1,384,553,393,554,10.775640398602766
Q92598,Intra-Protein-XL,IKELNNTCEPVVTQPKPK,K2,AQEIKTK,K5,788,781,790,786,6.36862261403516
Q92598,Intra-Protein-XL,IKELNNTCEPVVTQPKPK,K2,AQEIKTK,K5,788,781,790,786,6.36862261403516
O60832,Intra-Protein-XL,TTHYTPLACGSNPLKR,K15,LLTSHKR,K6,65,291,80,297,22.972240835408286
O60832,Intra-Protein-XL,TTHYTPLACGSNPLKR,K15,LLTSHKR,K6,65,291,80,297,22.972240835408286
O76021,Intra-Protein-XL,AAESETPGKSPEKKPK,K14,IKEEAVKEK,K2,417,433,431,435,13.468561133246563
P16401,Intra-Protein-XL,AASGEAKPKAK,K9,AKKPAGATPK,K2,113,130,122,132,25.789557945028836
P16401,Intra-Protein-XL,AASGEAKPKAK,K9,AKKPAGATPK,K2,113,130,122,132,25.789557945028836
P16401,Intra-Protein-XL,AASGEAKPKAK,K9,KPAGATPK,K1,113,132,122,133,26.875901863937518
P16402,Intra-Protein-XL,AASGEGKPKAK,K9,KAGAAKPR,K1,111,122,120,123,7.718422442442499
P04083,Intra-Protein-XL,AAYLQETGKPLDETLK,K9,KALTGHLEEVVLALLK,K1,81,97,90,98,11.853054416478482
P04083,Intra-Protein-XL,AAYLQETGKPLDETLK,K9,KALTGHLEEVVLALLK,K1,81,97,90,98,11.853054416478482
P04083,Intra-Protein-XL,AAYLQETGKPLDETLK,K9,KALTGHLEEVVLALLK,K1,81,97,90,98,11.853054416478482
P04083,Intra-Protein-XL,AAYLQETGKPLDETLK,K9,KALTGHLEEVVLALLK,K1,81,97,90,98,11.853054416478482
P04083,Intra-Protein-XL,AAYLQETGKPLDETLK,K9,KALTGHLEEVVLALLK,K1,81,97,90,98,11.853054416478482
P04083,Intra-Protein-XL,AAYLQETGKPLDETLK,K9,KALTGHLEEVVLALLK,K1,81,97,90,98,11.853054416478482
P04083,Intra-Protein-XL,AAYLQETGKPLDETLK,K9,KALTGHLEEVVLALLK,K1,81,97,90,98,11.853054416478482
P04083,Intra-Protein-XL,AAYLQETGKPLDETLK,K9,KALTGHLEEVVLALLK,K1,81,97,90,98,11.853054416478482
P04083,Intra-Protein-XL,AAYLQETGKPLDETLK,K9,KALTGHLEEVVLALLK,K1,81,97,90,98,11.853054416478482
P04083,Intra-Protein-XL,AAYLQETGKPLDETLK,K9,KALTGHLEEVVLALLK,K1,81,97,90,98,11.853054416478482
P04083,Intra-Protein-XL,AAYLQETGKPLDETLK,K9,KALTGHLEEVVLALLK,K1,81,97,90,98,11.853054416478482
P04083,Intra-Protein-XL,AAYLQETGKPLDETLK,K9,KALTGHLEEVVLALLK,K1,81,97,90,98,11.853054416478482
P04083,Intra-Protein-XL,AAYLQETGKPLDETLK,K9,KALTGHLEEVVLALLK,K1,81,97,90,98,11.853054416478482
P04083,Intra-Protein-XL,AAYLQETGKPLDETLK,K9,KALTGHLEEVVLALLK,K1,81,97,90,98,11.853054416478482
P04083,Intra-Protein-XL,AAYLQETGKPLDETLK,K9,KALTGHLEEVVLALLK,K1,81,97,90,98,11.853054416478482
P25705,Intra-Protein-XL,ADGKISEQSDAK,K4,AMKQVAGTMK,K3,527,424,531,427,8.753276300905851
P25705,Intra-Protein-XL,ADGKISEQSDAK,K4,AMKQVAGTMK,K3,527,424,531,427,8.753276300905851
P25705,Intra-Protein-XL,ADGKISEQSDAK,K4,AMKQVAGTMK,K3,527,424,531,427,8.753276300905851
P25705,Intra-Protein-XL,ADGKISEQSDAK,K4,AMKQVAGTMK,K3,527,424,531,427,8.753276300905851
P25705,Intra-Protein-XL,ADGKISEQSDAK,K4,AMKQVAGTMK,K3,527,424,531,427,8.753276300905851
P25705,Intra-Protein-XL,ADGKISEQSDAK,K4,AMKQVAGTMK,K3,527,424,531,427,8.753276300905851
P51812,Intra-Protein-XL,ADPSQFELLKVLGQGSFGK,K10,VFLVKK,K5,62,81,72,86,10.079629011030118
P05204,Intra-Protein-XL,AEGDAKGDKAK,K6,VKDEPQRR,K2,5,16,11,18,19.712926063880012
Q92945,Intra-Protein-XL,AGVKMILIQDGSQNTNVDKPLR,K4,GGETIKQLQER,K6,262,251,266,257,8.63126694060611
O60506,Intra-Protein-XL,AIEALKEFNEDGALAVLQQFKDSDLSHVQNK,K21,VAEKLDEIYVAGLVAHSDLDER,K4,60,38,81,42,9.390942977145585
P16402,Intra-Protein-XL,AKAPKPK,K2,AAKSPAK,K3,192,185,194,188,17.028307314586495
Q15149,Intra-Protein-XL,AKAVVQLKPR,K2,GHLSGLAKR,K8,924,915,926,923,
P26641,Intra-Protein-XL,AKDPFAHLPK,K2,LDKLRK,K3,275,348,277,351,12.318273296205115
P11021,Intra-Protein-XL,AKFEELNMDLFR,K2,VMEHFIKLYK,K7,324,261,326,268,14.363685912745376
P11021,Intra-Protein-XL,AKFEELNMDLFR,K2,VMEHFIKLYK,K7,324,261,326,268,14.363685912745376
P11021,Intra-Protein-XL,AKFEELNMDLFR,K2,VMEHFIKLYK,K7,324,261,326,268,14.363685912745376
P11021,Intra-Protein-XL,AKFEELNMDLFR,K2,VMEHFIKLYK,K7,324,261,326,268,14.363685912745376
P11021,Intra-Protein-XL,AKFEELNMDLFR,K2,VMEHFIKLYK,K7,324,261,326,268,14.363685912745376
P11021,Intra-Protein-XL,AKFEELNMDLFR,K2,VMEHFIKLYK,K7,324,261,326,268,14.363685912745376
P11021,Intra-Protein-XL,AKFEELNMDLFR,K2,VMEHFIKLYK,K7,324,261,326,268,14.363685912745376
P11021,Intra-Protein-XL,AKFEELNMDLFR,K2,VMEHFIKLYK,K7,324,261,326,268,14.363685912745376
P11021,Intra-Protein-XL,AKFEELNMDLFR,K2,VMEHFIKLYK,K7,324,261,326,268,14.363685912745376
P11021,Intra-Protein-XL,AKFEELNMDLFR,K2,VMEHFIKLYK,K7,324,261,326,268,14.363685912745376
P11021,Intra-Protein-XL,AKFEELNMDLFR,K2,VMEHFIKLYK,K7,324,261,326,268,14.363685912745376
P11021,Intra-Protein-XL,AKFEELNMDLFR,K2,VMEHFIKLYK,K7,324,261,326,268,14.363685912745376
P11021,Intra-Protein-XL,AKFEELNMDLFR,K2,VMEHFIKLYK,K7,324,261,326,268,14.363685912745376
P11021,Intra-Protein-XL,AKFEELNMDLFR,K2,VMEHFIKLYK,K7,324,261,326,268,14.363685912745376
P11021,Intra-Protein-XL,AKFEELNMDLFR,K2,VMEHFIKLYK,K7,324,261,326,268,14.363685912745376
P11021,Intra-Protein-XL,AKFEELNMDLFR,K2,VMEHFIKLYK,K7,324,261,326,268,14.363685912745376
P11021,Intra-Protein-XL,AKFEELNMDLFR,K2,VMEHFIKLYK,K7,324,261,326,268,14.363685912745376
P11021,Intra-Protein-XL,AKFEELNMDLFR,K2,VMEHFIKLYK,K7,324,261,326,268,14.363685912745376
P11021,Intra-Protein-XL,AKFEELNMDLFR,K2,VMEHFIKLYK,K7,324,261,326,268,14.363685912745376
P11021,Intra-Protein-XL,AKFEELNMDLFR,K2,VMEHFIKLYK,K7,324,261,326,268,14.363685912745376
P11021,Intra-Protein-XL,AKFEELNMDLFR,K2,VMEHFIKLYK,K7,324,261,326,268,14.363685912745376
P11021,Intra-Protein-XL,AKFEELNMDLFR,K2,VMEHFIKLYK,K7,324,261,326,268,14.363685912745376
P11021,Intra-Protein-XL,AKFEELNMDLFR,K2,VMEHFIKLYK,K7,324,261,326,268,14.363685912745376
P11021,Intra-Protein-XL,AKFEELNMDLFR,K2,VMEHFIKLYK,K7,324,261,326,268,14.363685912745376
P11021,Intra-Protein-XL,AKFEELNMDLFR,K2,VMEHFIKLYK,K7,324,261,326,268,14.363685912745376
P11021,Intra-Protein-XL,AKFEELNMDLFR,K2,VMEHFIKLYK,K7,324,261,326,268,14.363685912745376
P11021,Intra-Protein-XL,AKFEELNMDLFR,K2,VMEHFIKLYK,K7,324,261,326,268,14.363685912745376
P11021,Intra-Protein-XL,AKFEELNMDLFR,K2,VMEHFIKLYK,K7,324,261,326,268,14.363685912745376
P11021,Intra-Protein-XL,AKFEELNMDLFR,K2,VMEHFIKLYK,K7,324,261,326,268,14.363685912745376
P11021,Intra-Protein-XL,AKFEELNMDLFR,K2,VMEHFIKLYK,K7,324,261,326,268,14.363685912745376
P11021,Intra-Protein-XL,AKFEELNMDLFR,K2,VMEHFIKLYK,K7,324,261,326,268,14.363685912745376
P11021,Intra-Protein-XL,AKFEELNMDLFR,K2,VMEHFIKLYK,K7,324,261,326,268,14.363685912745376
P11021,Intra-Protein-XL,AKFEELNMDLFR,K2,VMEHFIKLYK,K7,324,261,326,268,14.363685912745376
P11021,Intra-Protein-XL,AKFEELNMDLFR,K2,VMEHFIKLYK,K7,324,261,326,268,14.363685912745376
P11021,Intra-Protein-XL,AKFEELNMDLFR,K2,VMEHFIKLYK,K7,324,261,326,268,14.363685912745376
P11021,Intra-Protein-XL,AKFEELNMDLFR,K2,VMEHFIKLYK,K7,324,261,326,268,14.363685912745376
P11021,Intra-Protein-XL,AKFEELNMDLFR,K2,VMEHFIKLYK,K7,324,261,326,268,14.363685912745376
P11021,Intra-Protein-XL,AKFEELNMDLFR,K2,VMEHFIKLYK,K7,324,261,326,268,14.363685912745376
P11021,Intra-Protein-XL,AKFEELNMDLFR,K2,VMEHFIKLYK,K7,324,261,326,268,14.363685912745376
P11021,Intra-Protein-XL,AKFEELNMDLFR,K2,VMEHFIKLYK,K7,324,261,326,268,14.363685912745376
P11021,Intra-Protein-XL,AKFEELNMDLFR,K2,VMEHFIKLYK,K7,324,261,326,268,14.363685912745376
P11021,Intra-Protein-XL,AKFEELNMDLFR,K2,VMEHFIKLYK,K7,324,261,326,268,14.363685912745376
P11021,Intra-Protein-XL,AKFEELNMDLFR,K2,VMEHFIKLYK,K7,324,261,326,268,14.363685912745376
P11021,Intra-Protein-XL,AKFEELNMDLFR,K2,VMEHFIKLYK,K7,324,261,326,268,14.363685912745376
P11021,Intra-Protein-XL,AKFEELNMDLFR,K2,VMEHFIKLYK,K7,324,261,326,268,14.363685912745376
P11021,Intra-Protein-XL,AKFEELNMDLFR,K2,VMEHFIKLYK,K7,324,261,326,268,14.363685912745376
P11021,Intra-Protein-XL,AKFEELNMDLFR,K2,VMEHFIKLYK,K7,324,261,326,268,14.363685912745376
P11021,Intra-Protein-XL,AKFEELNMDLFR,K2,VMEHFIKLYK,K7,324,261,326,268,14.363685912745376
P11021,Intra-Protein-XL,AKFEELNMDLFR,K2,VMEHFIKLYK,K7,324,261,326,268,14.363685912745376
P11021,Intra-Protein-XL,AKFEELNMDLFR,K2,VMEHFIKLYK,K7,324,261,326,268,14.363685912745376
P11021,Intra-Protein-XL,AKFEELNMDLFR,K2,VMEHFIKLYK,K7,324,261,326,268,14.363685912745376
P11021,Intra-Protein-XL,AKFEELNMDLFR,K2,VMEHFIKLYK,K7,324,261,326,268,14.363685912745376
P11021,Intra-Protein-XL,AKFEELNMDLFR,K2,VMEHFIKLYK,K7,324,261,326,268,14.363685912745376
P11021,Intra-Protein-XL,AKFEELNMDLFR,K2,VMEHFIKLYK,K7,324,261,326,268,14.363685912745376
P11021,Intra-Protein-XL,AKFEELNMDLFR,K2,VMEHFIKLYK,K7,324,261,326,268,14.363685912745376
P11021,Intra-Protein-XL,AKFEELNMDLFR,K2,VMEHFIKLYK,K7,324,261,326,268,14.363685912745376
P11021,Intra-Protein-XL,AKFEELNMDLFR,K2,VMEHFIKLYK,K7,324,261,326,268,14.363685912745376
P11021,Intra-Protein-XL,AKFEELNMDLFR,K2,VMEHFIKLYK,K7,324,261,326,268,14.363685912745376
P11021,Intra-Protein-XL,AKFEELNMDLFR,K2,VMEHFIKLYK,K7,324,261,326,268,14.363685912745376
P27797,Intra-Protein-XL,AKIDDPTDSKPEDWDKPEHIPDPDAK,K2,KIKDPDASKPEDWDER,K9,222,206,224,215,19.214508320537377
P19338,Intra-Protein-XL,AKNVAEDEDEEEDDEDEDDDDDEDDEDDDDEDDEEEEEEEEEEPVKEAPGK,K2,AAKVVPVK,K3,228,220,230,223,23.606787159628478
P19338,Intra-Protein-XL,AKNVAEDEDEEEDDEDEDDDDDEDDEDDDDEDDEEEEEEEEEEPVKEAPGK,K2,AAKVVPVK,K3,228,220,230,223,23.606787159628478
P16401,Intra-Protein-XL,ALAAGGYDVEKNNSR,K11,RKATGPPVSELITK,K2,67,35,78,37,19.656895838356572
O14818,Intra-Protein-XL,ALLEVVQSGGKNIELAVMR,K11,KSVAKLQDER,K1,193,47,204,48,9.523065367831936
O14818,Intra-Protein-XL,ALLEVVQSGGKNIELAVMR,K11,KSVAKLQDER,K1,193,47,204,48,9.523065367831936
O14818,Intra-Protein-XL,ALLEVVQSGGKNIELAVMR,K11,KSVAKLQDER,K1,193,47,204,48,9.523065367831936
P10809,Intra-Protein-XL,ALMLQGVDLLADAVAVTMGPKGR,K21,VTKDGVTVAK,K3,37,72,58,75,10.820321159743827
P10809,Intra-Protein-XL,ALMLQGVDLLADAVAVTMGPKGR,K21,VTKDGVTVAK,K3,37,72,58,75,10.820321159743827
P04083,Intra-Protein-XL,ALTGHLEEVVLALLKTPAQFDADELR,K15,AAYLQETGKPLDETLKK,K16,98,81,113,97,12.86656683035533
P02545,Intra-Protein-XL,AQHEDQVEQYKKELEK,K11,TYSAKLDNAR,K5,249,265,260,270,15.180051020994627
P02545,Intra-Protein-XL,AQHEDQVEQYKKELEK,K11,TYSAKLDNAR,K5,249,265,260,270,15.180051020994627
P02545,Intra-Protein-XL,AQHEDQVEQYKKELEK,K11,TYSAKLDNAR,K5,249,265,260,270,15.180051020994627
P02545,Intra-Protein-XL,AQHEDQVEQYKKELEK,K11,TYSAKLDNAR,K5,249,265,260,270,15.180051020994627
P02545,Intra-Protein-XL,AQHEDQVEQYKKELEK,K11,TYSAKLDNAR,K5,249,265,260,270,15.180051020994627
P02545,Intra-Protein-XL,AQHEDQVEQYKKELEK,K11,TYSAKLDNAR,K5,249,265,260,270,15.180051020994627
Q03252,Intra-Protein-XL,AQLAKAEDGHAVAK,K5,AEDGHAVAKK,K9,181,186,186,195,14.108098170908791
O95347,Intra-Protein-XL,AQTEAKQAQMK,K6,LKHAQQELK,K2,411,422,417,424,10.279796787874742
P16403,Intra-Protein-XL,ASGPPVSELITKAVAASK,K12,KAASGEAKPK,K1,34,109,46,110,17.953077424218947
P16403,Intra-Protein-XL,ASGPPVSELITKAVAASK,K12,KAASGEAKPK,K1,34,109,46,110,17.953077424218947
P16403,Intra-Protein-XL,ASGPPVSELITKAVAASK,K12,KAASGEAKPK,K1,34,109,46,110,17.953077424218947
P16403,Intra-Protein-XL,ASGPPVSELITKAVAASK,K12,KAASGEAKPK,K1,34,109,46,110,17.953077424218947
P16403,Intra-Protein-XL,ASGPPVSELITKAVAASK,K12,KAASGEAKPK,K1,34,109,46,110,17.953077424218947
P16403,Intra-Protein-XL,ASGPPVSELITKAVAASK,K12,KAASGEAKPK,K1,34,109,46,110,17.953077424218947
P16403,Intra-Protein-XL,ASGPPVSELITKAVAASK,K12,KAGGTPR,K1,34,26,46,27,34.73969137744318
P16403,Intra-Protein-XL,ASGPPVSELITKAVAASK,K12,KAGGTPR,K1,34,26,46,27,34.73969137744318
P16403,Intra-Protein-XL,ASGPPVSELITKAVAASK,K12,KAGGTPR,K1,34,26,46,27,34.73969137744318
P16403,Intra-Protein-XL,ASGPPVSELITKAVAASK,K12,KAGGTPR,K1,34,26,46,27,34.73969137744318
P16403,Intra-Protein-XL,ASGPPVSELITKAVAASK,K12,KAGGTPR,K1,34,26,46,27,34.73969137744318
P16403,Intra-Protein-XL,ASGPPVSELITKAVAASK,K12,KAGGTPR,K1,34,26,46,27,34.73969137744318
P16403,Intra-Protein-XL,ASGPPVSELITKAVAASK,K12,KAGGTPR,K1,34,26,46,27,34.73969137744318
Q15424,Intra-Protein-XL,ATDLKNLFSK,K5,YGKVVGAK,K3,418,428,423,431,8.89427956610315
P16401,Intra-Protein-XL,ATGPPVSELITKAVAASK,K12,AKKPAGATPK,K2,37,130,49,132,48.67465888940569
P16401,Intra-Protein-XL,ATGPPVSELITKAVAASK,K12,KAAGAGAAK,K1,37,26,49,27,38.077747858821695
P16401,Intra-Protein-XL,ATGPPVSELITKAVAASK,K12,KAAGAGAAK,K1,37,26,49,27,38.077747858821695
P16401,Intra-Protein-XL,ATGPPVSELITKAVAASK,K12,KAAGAGAAK,K1,37,26,49,27,38.077747858821695
P16401,Intra-Protein-XL,ATGPPVSELITKAVAASK,K12,KAAGAGAAK,K1,37,26,49,27,38.077747858821695
P16401,Intra-Protein-XL,ATGPPVSELITKAVAASK,K12,KAAGAGAAK,K1,37,26,49,27,38.077747858821695
P16401,Intra-Protein-XL,ATGPPVSELITKAVAASK,K12,KAAGAGAAK,K1,37,26,49,27,38.077747858821695
P16401,Intra-Protein-XL,ATGPPVSELITKAVAASK,K12,KAAGAGAAK,K1,37,26,49,27,38.077747858821695
P16401,Intra-Protein-XL,ATGPPVSELITKAVAASK,K12,KAAGAGAAK,K1,37,26,49,27,38.077747858821695
P16401,Intra-Protein-XL,ATGPPVSELITKAVAASK,K12,KAASGEAKPK,K1,37,112,49,113,17.827718586515775
P16401,Intra-Protein-XL,ATGPPVSELITKAVAASK,K12,KAASGEAKPK,K1,37,112,49,113,17.827718586515775
P16401,Intra-Protein-XL,ATGPPVSELITKAVAASK,K12,KPAAAGVK,K1,37,160,49,161,55.818867392665716
P16401,Intra-Protein-XL,ATKSPAKPK,K3,AAAKPKK,K6,185,178,188,184,11.559237820894595
P62906,Intra-Protein-XL,AVDIPHMDIEALKK,K13,KLNKNK,K1,78,91,91,92,3.8717068587381456
P62906,Intra-Protein-XL,AVDIPHMDIEALKK,K13,LNKNKK,K3,78,92,91,95,7.738586563449425
P62906,Intra-Protein-XL,AVDIPHMDIEALKK,K13,LNKNKK,K3,78,92,91,95,7.738586563449425
P61353,Intra-Protein-XL,AVIVKNIDDGTSDRPYSHALVAGIDR,K5,YSVDIPLDKTVVNKDVFRDPALK,K9,22,84,27,93,8.422555965976123
P61353,Intra-Protein-XL,AVIVKNIDDGTSDRPYSHALVAGIDRYPR,K5,YSVDIPLDKTVVNKDVFRDPALK,K9,22,84,27,93,8.422555965976123
P61353,Intra-Protein-XL,AVIVKNIDDGTSDRPYSHALVAGIDRYPR,K5,YSVDIPLDKTVVNKDVFRDPALK,K9,22,84,27,93,8.422555965976123
P61353,Intra-Protein-XL,AVIVKNIDDGTSDRPYSHALVAGIDRYPR,K5,YSVDIPLDKTVVNKDVFRDPALK,K9,22,84,27,93,8.422555965976123
P20700,Intra-Protein-XL,DAALATALGDKKSLEGDLEDLKDQIAQLEASLAAAK,K11,KESDLNGAQIKLR,K11,145,123,156,134,32.3846483538111
P20700,Intra-Protein-XL,DAALATALGDKKSLEGDLEDLKDQIAQLEASLAAAK,K11,KESDLNGAQIKLR,K11,145,123,156,134,32.3846483538111
P20700,Intra-Protein-XL,DAALATALGDKKSLEGDLEDLKDQIAQLEASLAAAK,K11,KESDLNGAQIKLREYEAALNSK,K11,145,123,156,134,32.3846483538111
P20700,Intra-Protein-XL,DAALATALGDKKSLEGDLEDLKDQIAQLEASLAAAK,K11,KESDLNGAQIKLREYEAALNSK,K11,145,123,156,134,32.3846483538111
P20700,Intra-Protein-XL,DAALATALGDKKSLEGDLEDLKDQIAQLEASLAAAK,K11,KESDLNGAQIKLREYEAALNSK,K11,145,123,156,134,32.3846483538111
P20700,Intra-Protein-XL,DAALATALGDKKSLEGDLEDLKDQIAQLEASLAAAK,K12,KESDLNGAQIKLR,K11,145,123,157,134,34.41568049595998
P20700,Intra-Protein-XL,DAALATALGDKKSLEGDLEDLKDQIAQLEASLAAAK,K12,KESDLNGAQIKLREYEAALNSK,K11,145,123,157,134,34.41568049595998
P20700,Intra-Protein-XL,DAALATALGDKKSLEGDLEDLKDQIAQLEASLAAAK,K22,KESDLNGAQIKLREYEAALNSK,K11,145,123,167,134,48.7431242125492
P41252,Intra-Protein-XL,DADKSIIR,K4,TLKEQGR,K3,371,379,375,382,10.688922349797478
P10809,Intra-Protein-XL,DDAMLLKGK,K7,GDKAQIEK,K3,352,361,359,364,11.672026130882331
P29966,Intra-Protein-XL,DEAAGGAAAAAAEAGAASGEQAAAPGEEAAAGEEGAAGGDPQEAKPQEAAVAPEK,K45,PPASDETKAAEEPSKVEEK,K8,193,248,238,256,56.82017991875773
P29966,Intra-Protein-XL,DEAAGGAAAAAAEAGAASGEQAAAPGEEAAAGEEGAAGGDPQEAKPQEAAVAPEK,K45,PPASDETKAAEEPSKVEEK,K8,193,248,238,256,56.82017991875773
P09525,Intra-Protein-XL,DIEQSIKSETSGSFEDALLAIVK,K7,LYKSMK,K3,218,253,225,256,18.018029193005543
P09525,Intra-Protein-XL,DIEQSIKSETSGSFEDALLAIVK,K7,LYKSMK,K3,218,253,225,256,18.018029193005543
P09525,Intra-Protein-XL,DIEQSIKSETSGSFEDALLAIVK,K7,LYKSMK,K3,218,253,225,256,18.018029193005543
O76094,Intra-Protein-XL,DIHTLAQLISAYSLVDPEKAK,K19,KEAISDLQQLWKQNPK,K1,479,463,498,464,12.828715952892562
O76094,Intra-Protein-XL,DIHTLAQLISAYSLVDPEKAK,K19,KEAISDLQQLWKQNPK,K12,479,463,498,475,15.180235176043883
O76094,Intra-Protein-XL,DIHTLAQLISAYSLVDPEKAK,K19,KEAISDLQQLWKQNPK,K12,479,463,498,475,15.180235176043883
O76094,Intra-Protein-XL,DIHTLAQLISAYSLVDPEKAK,K19,KEAISDLQQLWKQNPK,K12,479,463,498,475,15.180235176043883
O76094,Intra-Protein-XL,DIHTLAQLISAYSLVDPEKAK,K19,KEAISDLQQLWKQNPK,K12,479,463,498,475,15.180235176043883
P63096,Intra-Protein-XL,DLHFKMFDVGGQR,K5,NLREDGEKAAR,K8,192,21,197,29,12.892131864047935
P50995,Intra-Protein-XL,DLIKDLKSELSGNFEK,K7,TPVLFDIYEIKEAIK,K11,248,271,255,282,19.159730843620952
P08758,Intra-Protein-XL,DLLDDLKSELTGK,K7,LIVALMKPSR,K7,63,79,70,86,12.745356213146811
P08758,Intra-Protein-XL,DLLDDLKSELTGK,K7,LIVALMKPSR,K7,63,79,70,86,12.745356213146811
P08758,Intra-Protein-XL,DLLDDLKSELTGK,K7,LIVALMKPSR,K7,63,79,70,86,12.745356213146811
P08758,Intra-Protein-XL,DLLDDLKSELTGK,K7,LIVALMKPSR,K7,63,79,70,86,12.745356213146811
P08758,Intra-Protein-XL,DLLDDLKSELTGKFEK,K7,LIVALMKPSR,K7,63,79,70,86,12.745356213146811
P08758,Intra-Protein-XL,DLLDDLKSELTGKFEK,K7,LIVALMKPSR,K7,63,79,70,86,12.745356213146811
P08758,Intra-Protein-XL,DLLDDLKSELTGKFEK,K7,LIVALMKPSR,K7,63,79,70,86,12.745356213146811
P08758,Intra-Protein-XL,DLLDDLKSELTGKFEK,K7,LIVALMKPSR,K7,63,79,70,86,12.745356213146811
P08758,Intra-Protein-XL,DLLDDLKSELTGKFEK,K7,LIVALMKPSR,K7,63,79,70,86,12.745356213146811
P35579,Intra-Protein-XL,DLQGRDEQSEEKK,K12,KKQLVR,K1,1571,1583,1583,1584,3.854646287274616
P50454,Intra-Protein-XL,DQAVENILVSPVVVASSLGLVSLGGKATTASQAK,K26,LSPKAATLAER,K4,60,35,86,39,22.39354543166401
P50454,Intra-Protein-XL,DQAVENILVSPVVVASSLGLVSLGGKATTASQAK,K26,LSPKAATLAER,K4,60,35,86,39,22.39354543166401
P55884,Intra-Protein-XL,DRPQEADGIDSVIVVDNVPQVGPDRLEKLK,K28,NVIHKIFSK,K5,174,204,202,209,10.735787069423461
P62316,Intra-Protein-XL,DRYISKMFLR,K6,VKAFDR,K2,92,55,98,57,9.730654705619761
P40939,Intra-Protein-XL,DVKHLAILGAGLMGAGIAQVSVDK,K3,GLKTILK,K3,359,383,362,386,6.196636587698201
P40939,Intra-Protein-XL,DVKHLAILGAGLMGAGIAQVSVDK,K3,GLKTILK,K3,359,383,362,386,6.196636587698201
P40939,Intra-Protein-XL,DVKHLAILGAGLMGAGIAQVSVDK,K3,GLKTILK,K3,359,383,362,386,6.196636587698201
P11388,Intra-Protein-XL,DVKVFLNGNK,K3,LPVKGFR,K4,251,261,254,265,8.047978441820032
P61247,Intra-Protein-XL,DWYDVKAPAMFNIR,K6,NIGKTLVTR,K4,28,42,34,46,9.108850476322464
